EGID;GDEKT;GDENR;GDENAME;GSTAT;GSTATLAB_DE;GSTATLAB_FR;GSTATLAB_IT;GKODE;GKODN;EDID;EGAID;ESID;STRNAME;DEINR;STRSP;DPLZ4;DPLZZ;DPLZNAME;DKODE;DKODN;DOFFADR;DEXPDAT
11100593;TI;5195;Maroggia;1004;bestehend;existant;esistente;2718926.915;1088008.949;0;101340095;10139140;Viale Stazione;14;IT;6817;0;Maroggia;2718926.915;1088008.949;0;2021-07-19 00:00:00
11100594;TI;5195;Maroggia;1004;bestehend;existant;esistente;2718883.78;1088096.75;0;101340094;10139140;Viale Stazione;1;IT;6817;0;Maroggia;2718883.78;1088096.75;0;2021-07-19 00:00:00
11100594;TI;5195;Maroggia;1004;bestehend;existant;esistente;2718883.78;1088096.75;1;101891960;10139140;Viale Stazione;3;IT;6817;0;Maroggia;2718883.78;1088096.75;0;2021-07-19 00:00:00
11100596;TI;5195;Maroggia;1004;bestehend;existant;esistente;2719319.197;1088473.713;0;101346973;10139139;Via Val Mara;10;IT;6817;0;Maroggia;2719319.197;1088473.713;0;2021-07-19 00:00:00
11143425;TI;5195;Maroggia;1004;bestehend;existant;esistente;2718613.186;1088599.753;0;102186267;10138436;Viale Baldassarre Longhena;16;IT;6817;0;Maroggia;2718613.186;1088599.753;0;2021-07-19 00:00:00
11143426;TI;5195;Maroggia;1004;bestehend;existant;esistente;2718981.569;1088610.271;0;101246316;10128277;Piazzo frazione;1;IT;6817;0;Maroggia;2718981.569;1088610.271;0;2021-07-19 00:00:00
11143427;TI;5195;Maroggia;1004;bestehend;existant;esistente;2719148.196;1088673.721;0;101246317;10128277;Piazzo frazione;15;IT;6817;0;Maroggia;2719148.196;1088673.721;0;2021-07-19 00:00:00
11143428;TI;5195;Maroggia;1004;bestehend;existant;esistente;2719004.7;1088453.28;0;101246318;10138434;Via al Vallone;3;IT;6817;0;Maroggia;2719004.7;1088453.28;0;2021-07-19 00:00:00
11143429;TI;5195;Maroggia;1004;bestehend;existant;esistente;2719018.191;1088418.731;0;101246319;10138434;Via al Vallone;1;IT;6817;0;Maroggia;2719018.191;1088418.731;0;2021-07-19 00:00:00
11143430;TI;5195;Maroggia;1004;bestehend;existant;esistente;2719170.61;1088596.54;0;101246320;10128277;Piazzo frazione;14;IT;6817;0;Maroggia;2719170.61;1088596.54;0;2021-07-19 00:00:00
11143431;TI;5195;Maroggia;1004;bestehend;existant;esistente;2719275.701;1088335.241;0;101246321;10139139;Via Val Mara;9;IT;6817;0;Maroggia;2719275.701;1088335.241;0;2021-07-19 00:00:00
11143433;TI;5195;Maroggia;1004;bestehend;existant;esistente;2719196.35;1088072.36;0;101246322;10138435;Via alle Cantine;1;IT;6817;0;Maroggia;2719196.35;1088072.36;0;2021-07-19 00:00:00
11143434;TI;5195;Maroggia;1004;bestehend;existant;esistente;2719170.191;1088000.727;0;101246323;10139137;Via Ressiga;1;IT;6817;0;Maroggia;2719170.191;1088000.727;0;2021-07-19 00:00:00
11143435;TI;5195;Maroggia;1004;bestehend;existant;esistente;2719124.778;1087969.291;0;101604481;10139137;Via Ressiga;5;IT;6817;0;Maroggia;2719124.778;1087969.291;0;2021-07-19 00:00:00
11143436;TI;5195;Maroggia;1004;bestehend;existant;esistente;2719093.34;1088091.93;0;101604482;10139142;Vicolo del Tiglio;6;IT;6817;0;Maroggia;2719093.34;1088091.93;0;2021-07-19 00:00:00
11143437;TI;5195;Maroggia;1004;bestehend;existant;esistente;2719134.737;1088068.44;0;101246324;10139142;Vicolo del Tiglio;2;IT;6817;0;Maroggia;2719134.737;1088068.44;0;2021-07-19 00:00:00
11143438;TI;5195;Maroggia;1004;bestehend;existant;esistente;2719139.75;1088035.8;0;101246325;10139142;Vicolo del Tiglio;1;IT;6817;0;Maroggia;2719139.75;1088035.8;0;2021-07-19 00:00:00
11143439;TI;5195;Maroggia;1004;bestehend;existant;esistente;2719055.189;1088044.733;0;101271363;10139135;Via Monte Generoso;8;IT;6817;0;Maroggia;2719055.189;1088044.733;0;2021-07-19 00:00:00
11143440;TI;5195;Maroggia;1004;bestehend;existant;esistente;2719088.33;1087974.85;0;101271364;10139137;Via Ressiga;34;IT;6817;0;Maroggia;2719088.33;1087974.85;0;2021-07-19 00:00:00
11143440;TI;5195;Maroggia;1004;bestehend;existant;esistente;2719088.33;1087974.85;1;101900545;10139135;Via Monte Generoso;14;IT;6817;0;Maroggia;2719088.33;1087974.85;0;2021-07-19 00:00:00
11143441;TI;5195;Maroggia;1004;bestehend;existant;esistente;2718990.188;1088069.736;0;101271365;10139135;Via Monte Generoso;6;IT;6817;0;Maroggia;2718990.188;1088069.736;0;2021-07-19 00:00:00
11143441;TI;5195;Maroggia;1004;bestehend;existant;esistente;2718990.188;1088069.736;1;101892042;10139135;Via Monte Generoso;5;IT;6817;0;Maroggia;2718990.188;1088069.736;0;2021-07-19 00:00:00
11143443;TI;5195;Maroggia;1004;bestehend;existant;esistente;2719014.86;1088246.91;0;101271367;10128279;Via ai Molini;16;IT;6817;0;Maroggia;2719014.86;1088246.91;0;2021-07-19 00:00:00
11143444;TI;5195;Maroggia;1004;bestehend;existant;esistente;2718914.419;1088242.871;0;101271368;10128279;Via ai Molini;6;IT;6817;0;Maroggia;2718914.419;1088242.871;0;2021-07-19 00:00:00
11143445;TI;5195;Maroggia;1004;bestehend;existant;esistente;2719001.19;1088316.733;0;101271369;10128279;Via ai Molini;73;IT;6817;0;Maroggia;2719001.19;1088316.733;0;2021-07-19 00:00:00
11143446;TI;5195;Maroggia;1004;bestehend;existant;esistente;2718982.19;1088309.734;0;101271370;10128279;Via ai Molini;67;IT;6817;0;Maroggia;2718982.19;1088309.734;0;2021-07-19 00:00:00
11143447;TI;5195;Maroggia;1004;bestehend;existant;esistente;2718961.189;1088274.736;0;101271371;10207549;Via Siegfried Bieber;65;IT;6817;0;Maroggia;2718961.189;1088274.736;0;2021-07-19 00:00:00
11143448;TI;5195;Maroggia;1004;bestehend;existant;esistente;2718857.42;1088317.14;0;101271372;10128279;Via ai Molini;15;IT;6817;0;Maroggia;2718857.42;1088317.14;0;2021-07-19 00:00:00
11143449;TI;5195;Maroggia;1004;bestehend;existant;esistente;2718867.188;1088298.741;0;101271373;10128279;Via ai Molini;17;IT;6817;0;Maroggia;2718867.188;1088298.741;0;2021-07-19 00:00:00
11143451;TI;5195;Maroggia;1004;bestehend;existant;esistente;2718828.188;1088405.743;0;101246337;10139141;Vicolo ai Ronchetti;3;IT;6817;0;Maroggia;2718828.188;1088405.743;0;2021-07-19 00:00:00
11143452;TI;5195;Maroggia;1004;bestehend;existant;esistente;2718818.54;1088243.64;0;102174877;10138436;Viale Baldassarre Longhena;5;IT;6817;0;Maroggia;2718818.54;1088243.64;0;2021-07-19 00:00:00
11143453;TI;5195;Maroggia;1004;bestehend;existant;esistente;2718822.92;1088224.45;0;101246338;10138436;Viale Baldassarre Longhena;7;IT;6817;0;Maroggia;2718822.92;1088224.45;0;2021-07-19 00:00:00
11143454;TI;5195;Maroggia;1004;bestehend;existant;esistente;2718850.42;1088160.36;0;101246339;10138436;Viale Baldassarre Longhena;13;IT;6817;0;Maroggia;2718850.42;1088160.36;0;2021-07-19 00:00:00
11143455;TI;5195;Maroggia;1004;bestehend;existant;esistente;2718771.186;1088319.747;0;101246340;10138436;Viale Baldassarre Longhena;24;IT;6817;0;Maroggia;2718771.186;1088319.747;0;2021-07-19 00:00:00
11143456;TI;5195;Maroggia;1004;bestehend;existant;esistente;2718792.565;1088312.11;0;101246341;10138436;Viale Baldassarre Longhena;28;IT;6817;0;Maroggia;2718792.565;1088312.11;0;2021-07-19 00:00:00
11143457;TI;5195;Maroggia;1004;bestehend;existant;esistente;2718798.27;1088301.82;0;101246342;10139143;Vicolo Francesco Somaini;3;IT;6817;0;Maroggia;2718798.27;1088301.82;0;2021-07-19 00:00:00
11143458;TI;5195;Maroggia;1004;bestehend;existant;esistente;2718791.83;1088300.57;0;101604483;10194558;Piazzetta Francesco Somaini;3;IT;6817;0;Maroggia;2718791.83;1088300.57;0;2021-07-19 00:00:00
11143459;TI;5195;Maroggia;1004;bestehend;existant;esistente;2718778.186;1088307.746;0;101604484;10194558;Piazzetta Francesco Somaini;2;IT;6817;0;Maroggia;2718778.186;1088307.746;0;2021-07-19 00:00:00
11143460;TI;5195;Maroggia;1004;bestehend;existant;esistente;2718774.186;1088298.747;0;101246343;10194558;Piazzetta Francesco Somaini;1;IT;6817;0;Maroggia;2718774.186;1088298.747;0;2021-07-19 00:00:00
11143461;TI;5195;Maroggia;1004;bestehend;existant;esistente;2718795.573;1088276.565;0;101246344;10138436;Viale Baldassarre Longhena;34;IT;6817;0;Maroggia;2718795.573;1088276.565;0;2021-07-19 00:00:00
11143462;TI;5195;Maroggia;1004;bestehend;existant;esistente;2718779.186;1088289.747;0;102183776;10139143;Vicolo Francesco Somaini;4;IT;6817;0;Maroggia;2718779.186;1088289.747;0;2021-07-19 00:00:00
11143463;TI;5195;Maroggia;1004;bestehend;existant;esistente;2718769.186;1088277.747;0;101246345;10139138;Via Tommaso e Giacomo Rodari;12;IT;6817;0;Maroggia;2718769.186;1088277.747;0;2021-07-19 00:00:00
11143464;TI;5195;Maroggia;1004;bestehend;existant;esistente;2718777.186;1088273.747;0;101246346;10139138;Via Tommaso e Giacomo Rodari;10;IT;6817;0;Maroggia;2718777.186;1088273.747;0;2021-07-19 00:00:00
11143465;TI;5195;Maroggia;1004;bestehend;existant;esistente;2718791.57;1088265.69;0;101246347;10138436;Viale Baldassarre Longhena;36;IT;6817;0;Maroggia;2718791.57;1088265.69;0;2021-07-19 00:00:00
11143466;TI;5195;Maroggia;1004;bestehend;existant;esistente;2718778.186;1088264.747;0;101246348;10139138;Via Tommaso e Giacomo Rodari;8;IT;6817;0;Maroggia;2718778.186;1088264.747;0;2021-07-19 00:00:00
11143467;TI;5195;Maroggia;1004;bestehend;existant;esistente;2718757.186;1088274.747;0;101246349;10139138;Via Tommaso e Giacomo Rodari;9;IT;6817;0;Maroggia;2718757.186;1088274.747;0;2021-07-19 00:00:00
11143467;TI;5195;Maroggia;1004;bestehend;existant;esistente;2718757.186;1088274.747;1;101891974;10139138;Via Tommaso e Giacomo Rodari;11;IT;6817;0;Maroggia;2718757.186;1088274.747;0;2021-07-19 00:00:00
11143468;TI;5195;Maroggia;1004;bestehend;existant;esistente;2718741.529;1088272.604;0;101246350;10139138;Via Tommaso e Giacomo Rodari;13;IT;6817;0;Maroggia;2718741.529;1088272.604;0;2021-07-19 00:00:00
11143469;TI;5195;Maroggia;1004;bestehend;existant;esistente;2718738.565;1088265.859;0;101246351;10139138;Via Tommaso e Giacomo Rodari;15;IT;6817;0;Maroggia;2718738.565;1088265.859;0;2021-07-19 00:00:00
11143470;TI;5195;Maroggia;1004;bestehend;existant;esistente;2718741.6;1088250.022;0;101246352;10139138;Via Tommaso e Giacomo Rodari;5;IT;6817;0;Maroggia;2718741.6;1088250.022;0;2021-07-19 00:00:00
11143471;TI;5195;Maroggia;1004;bestehend;existant;esistente;2718713.11;1088288.4;0;101246353;10139138;Via Tommaso e Giacomo Rodari;22;IT;6817;0;Maroggia;2718713.11;1088288.4;0;2021-07-19 00:00:00
11143472;TI;5195;Maroggia;1004;bestehend;existant;esistente;2718727.512;1088288.47;0;101246354;10139138;Via Tommaso e Giacomo Rodari;18;IT;6817;0;Maroggia;2718727.512;1088288.47;0;2021-07-19 00:00:00
11143473;TI;5195;Maroggia;1004;bestehend;existant;esistente;2718729.185;1088284.746;0;101246355;10139138;Via Tommaso e Giacomo Rodari;16;IT;6817;0;Maroggia;2718729.185;1088284.746;0;2021-07-19 00:00:00
11143474;TI;5195;Maroggia;1004;bestehend;existant;esistente;2718731.185;1088256.746;0;101246356;10139138;Via Tommaso e Giacomo Rodari;19;IT;6817;0;Maroggia;2718731.185;1088256.746;0;2021-07-19 00:00:00
11143474;TI;5195;Maroggia;1004;bestehend;existant;esistente;2718731.185;1088256.746;1;102042477;10139138;Via Tommaso e Giacomo Rodari;5a;IT;6817;0;Maroggia;2718731.185;1088256.746;0;2021-07-19 00:00:00
11143475;TI;5195;Maroggia;1004;bestehend;existant;esistente;2718793.186;1088223.746;0;101246357;10138436;Viale Baldassarre Longhena;40;IT;6817;0;Maroggia;2718793.186;1088223.746;0;2021-07-19 00:00:00
11143476;TI;5195;Maroggia;1004;bestehend;existant;esistente;2718778.296;1088227.257;0;101513099;10139138;Via Tommaso e Giacomo Rodari;1;IT;6817;0;Maroggia;2718778.296;1088227.257;0;2021-07-19 00:00:00
11143477;TI;5195;Maroggia;1004;bestehend;existant;esistente;2718793.9;1088209.968;0;101246358;10138436;Viale Baldassarre Longhena;42;IT;6817;0;Maroggia;2718793.9;1088209.968;0;2021-07-19 00:00:00
11143478;TI;5195;Maroggia;1004;bestehend;existant;esistente;2718805.186;1088176.745;0;101513100;10138436;Viale Baldassarre Longhena;46;IT;6817;0;Maroggia;2718805.186;1088176.745;0;2021-07-19 00:00:00
11143479;TI;5195;Maroggia;1004;bestehend;existant;esistente;2718818.49;1088128.16;0;101246359;10138436;Viale Baldassarre Longhena;48;IT;6817;0;Maroggia;2718818.49;1088128.16;0;2021-07-19 00:00:00
11143480;TI;5195;Maroggia;1004;bestehend;existant;esistente;2718783.185;1088117.742;0;101246360;10138432;Via al Lido;4;IT;6817;0;Maroggia;2718783.185;1088117.742;0;2021-07-19 00:00:00
11143481;TI;5195;Maroggia;1004;bestehend;existant;esistente;2718748.25;1088142.96;0;101246361;10138432;Via al Lido;6;IT;6817;0;Maroggia;2718748.25;1088142.96;0;2021-07-19 00:00:00
11143482;TI;5195;Maroggia;1004;bestehend;existant;esistente;2718688.81;1088195.79;0;101604485;10138432;Via al Lido;9;IT;6817;0;Maroggia;2718688.81;1088195.79;0;2021-07-19 00:00:00
11143483;TI;5195;Maroggia;1004;bestehend;existant;esistente;2718842.47;1088075.64;0;101246362;10128278;Quartiere Prà Comun;1;IT;6817;0;Maroggia;2718842.47;1088075.64;0;2021-07-19 00:00:00
11143484;TI;5195;Maroggia;1004;bestehend;existant;esistente;2718903.87;1088037.17;0;101604486;10139140;Viale Stazione;8;IT;6817;0;Maroggia;2718903.87;1088037.17;0;2021-07-19 00:00:00
11143484;TI;5195;Maroggia;1004;bestehend;existant;esistente;2718903.87;1088037.17;1;102197529;10138437;Via Dr. Willy Fröhlich;1;IT;6817;0;Maroggia;2718903.87;1088037.17;0;2021-07-19 00:00:00
11143485;TI;5195;Maroggia;1004;bestehend;existant;esistente;2718915.49;1088020.45;0;102196878;10139140;Viale Stazione;10;IT;6817;0;Maroggia;2718915.49;1088020.45;0;2021-07-19 00:00:00
11143486;TI;5195;Maroggia;1004;bestehend;existant;esistente;2718953.36;1087984.11;0;102188502;10139140;Viale Stazione;16;IT;6817;0;Maroggia;2718953.36;1087984.11;0;2021-07-19 00:00:00
11143487;TI;5195;Maroggia;1004;bestehend;existant;esistente;2718870.186;1088014.741;0;101246363;10138437;Via Dr. Willy Fröhlich;5;IT;6817;0;Maroggia;2718870.186;1088014.741;0;2021-07-19 00:00:00
11143487;TI;5195;Maroggia;1004;bestehend;existant;esistente;2718870.186;1088014.741;1;101891967;10138437;Via Dr. Willy Fröhlich;7;IT;6817;0;Maroggia;2718870.186;1088014.741;0;2021-07-19 00:00:00
11143488;TI;5195;Maroggia;1004;bestehend;existant;esistente;2718814.976;1087961.25;0;101246364;10138437;Via Dr. Willy Fröhlich;6;IT;6817;0;Maroggia;2718814.976;1087961.25;0;2021-07-19 00:00:00
11143488;TI;5195;Maroggia;1004;bestehend;existant;esistente;2718814.976;1087961.25;1;101891968;10138437;Via Dr. Willy Fröhlich;8;IT;6817;0;Maroggia;2718814.976;1087961.25;0;2021-07-19 00:00:00
11143489;TI;5195;Maroggia;1004;bestehend;existant;esistente;2718853.185;1087940.738;0;101246365;10138437;Via Dr. Willy Fröhlich;11;IT;6817;0;Maroggia;2718853.185;1087940.738;0;2021-07-19 00:00:00
11143489;TI;5195;Maroggia;1004;bestehend;existant;esistente;2718853.185;1087940.738;1;102182240;10138437;Via Dr. Willy Fröhlich;13;IT;6817;0;Maroggia;2718853.185;1087940.738;0;2021-07-19 00:00:00
11143489;TI;5195;Maroggia;1004;bestehend;existant;esistente;2718853.185;1087940.738;2;102191707;10138437;Via Dr. Willy Fröhlich;15;IT;6817;0;Maroggia;2718853.185;1087940.738;0;2021-07-19 00:00:00
11143489;TI;5195;Maroggia;1004;bestehend;existant;esistente;2718853.185;1087940.738;3;101891970;10138433;Via al Parco;21;IT;6817;0;Maroggia;2718853.185;1087940.738;0;2021-07-19 00:00:00
11143491;TI;5195;Maroggia;1004;bestehend;existant;esistente;2719060.455;1087875.171;0;101246367;10139140;Viale Stazione;34;IT;6817;0;Maroggia;2719060.455;1087875.171;0;2021-07-19 00:00:00
11143492;TI;5195;Maroggia;1004;bestehend;existant;esistente;2718990.68;1088246.97;0;101246368;10128279;Via ai Molini;14;IT;6817;0;Maroggia;2718990.68;1088246.97;0;2021-07-19 00:00:00
11143493;TI;5195;Maroggia;1004;bestehend;existant;esistente;2718767.53;1088099.31;0;101246369;10138432;Via al Lido;5;IT;6817;0;Maroggia;2718767.53;1088099.31;0;2021-07-19 00:00:00
11143494;TI;5195;Maroggia;1004;bestehend;existant;esistente;2719095.194;1088605.725;0;101246370;10128277;Piazzo frazione;5;IT;6817;0;Maroggia;2719095.194;1088605.725;0;2021-07-19 00:00:00
11143496;TI;5195;Maroggia;1004;bestehend;existant;esistente;2719033.57;1087876.53;0;101246371;10139140;Viale Stazione;32;IT;6817;0;Maroggia;2719033.57;1087876.53;0;2021-07-19 00:00:00
11143497;TI;5195;Maroggia;1004;bestehend;existant;esistente;2718842.13;1088178.92;0;101246372;10138436;Viale Baldassarre Longhena;11;IT;6817;0;Maroggia;2718842.13;1088178.92;0;2021-07-19 00:00:00
11143498;TI;5195;Maroggia;1004;bestehend;existant;esistente;2718769.978;1088045.417;0;101246373;10128278;Quartiere Prà Comun;6;IT;6817;0;Maroggia;2718769.978;1088045.417;0;2021-07-19 00:00:00
11143499;TI;5195;Maroggia;1004;bestehend;existant;esistente;2718772.185;1088164.744;0;101246374;10138432;Via al Lido;3;IT;6817;0;Maroggia;2718772.185;1088164.744;0;2021-07-19 00:00:00
11143500;TI;5195;Maroggia;1004;bestehend;existant;esistente;2719123.35;1088079.15;1;101891975;10139142;Vicolo del Tiglio;4;IT;6817;0;Maroggia;2719123.35;1088079.15;0;2021-07-19 00:00:00
11143500;TI;5195;Maroggia;1004;bestehend;existant;esistente;2719123.35;1088079.15;2;101892039;10139137;Via Ressiga;28;IT;6817;0;Maroggia;2719123.35;1088079.15;0;2021-07-19 00:00:00
11143501;TI;5195;Maroggia;1004;bestehend;existant;esistente;2718550.185;1088627.753;0;101246376;10138436;Viale Baldassarre Longhena;10;IT;6817;0;Maroggia;2718550.185;1088627.753;0;2021-07-19 00:00:00
11143502;TI;5195;Maroggia;1004;bestehend;existant;esistente;2718838.112;1088023.21;0;101246377;10138437;Via Dr. Willy Fröhlich;2;IT;6817;0;Maroggia;2718838.112;1088023.21;0;2021-07-19 00:00:00
11143503;TI;5195;Maroggia;1004;bestehend;existant;esistente;2718862.63;1088064.19;0;101246378;10139140;Viale Stazione;4;IT;6817;0;Maroggia;2718862.63;1088064.19;0;2021-07-19 00:00:00
11143504;TI;5195;Maroggia;1004;bestehend;existant;esistente;2718801.186;1088202.745;0;101246379;10138436;Viale Baldassarre Longhena;44;IT;6817;0;Maroggia;2718801.186;1088202.745;0;2021-07-19 00:00:00
11143505;TI;5195;Maroggia;1004;bestehend;existant;esistente;2719041.98;1088169.45;0;101246380;10139139;Via Val Mara;6;IT;6817;0;Maroggia;2719041.98;1088169.45;0;2021-07-19 00:00:00
11143506;TI;5195;Maroggia;1004;bestehend;existant;esistente;2718818.02;1088066.75;0;101246381;10128278;Quartiere Prà Comun;2;IT;6817;0;Maroggia;2718818.02;1088066.75;0;2021-07-19 00:00:00
11143507;TI;5195;Maroggia;1004;bestehend;existant;esistente;2719056.57;1088190.479;0;101246382;10139137;Via Ressiga;2;IT;6817;0;Maroggia;2719056.57;1088190.479;0;2021-07-19 00:00:00
11143508;TI;5195;Maroggia;1004;bestehend;existant;esistente;2719076.11;1087985.43;0;101246383;10139135;Via Monte Generoso;12;IT;6817;0;Maroggia;2719076.11;1087985.43;0;2021-07-19 00:00:00
11143509;TI;5195;Maroggia;1004;bestehend;existant;esistente;2719072.51;1088158.21;0;101246384;10139137;Via Ressiga;4;IT;6817;0;Maroggia;2719072.51;1088158.21;0;2021-07-19 00:00:00
11143510;TI;5195;Maroggia;1004;bestehend;existant;esistente;2718907.189;1088323.739;0;101246385;10128279;Via ai Molini;29;IT;6817;0;Maroggia;2718907.189;1088323.739;0;2021-07-19 00:00:00
11143511;TI;5195;Maroggia;1004;bestehend;existant;esistente;2718901.82;1087908.23;0;101246386;10138433;Via al Parco;17;IT;6817;0;Maroggia;2718901.82;1087908.23;0;2021-07-19 00:00:00
11143512;TI;5195;Maroggia;1004;bestehend;existant;esistente;2718837.58;1088435.57;0;101246387;10139141;Vicolo ai Ronchetti;9;IT;6817;0;Maroggia;2718837.58;1088435.57;0;2021-07-19 00:00:00
11143513;TI;5195;Maroggia;1004;bestehend;existant;esistente;2718910.185;1087856.737;0;101246388;10138433;Via al Parco;13;IT;6817;0;Maroggia;2718910.185;1087856.737;0;2021-07-19 00:00:00
11143513;TI;5195;Maroggia;1004;bestehend;existant;esistente;2718910.185;1087856.737;1;101891969;10138433;Via al Parco;15;IT;6817;0;Maroggia;2718910.185;1087856.737;0;2021-07-19 00:00:00
11143514;TI;5195;Maroggia;1004;bestehend;existant;esistente;2718774.186;1088309.747;0;101246389;10194558;Piazzetta Francesco Somaini;1;IT;6817;0;Maroggia;2718774.186;1088309.747;0;2021-07-19 00:00:00
11143515;TI;5195;Maroggia;1004;bestehend;existant;esistente;2719104.51;1088059.44;0;101248144;10139142;Vicolo del Tiglio;3;IT;6817;0;Maroggia;2719104.51;1088059.44;0;2021-07-19 00:00:00
11143516;TI;5195;Maroggia;1004;bestehend;existant;esistente;2718952.14;1088307.17;0;101248145;10207549;Via Siegfried Bieber;39;IT;6817;0;Maroggia;2718952.14;1088307.17;0;2021-07-19 00:00:00
11143518;TI;5195;Maroggia;1004;bestehend;existant;esistente;2718840.37;1088422.81;0;101248146;10139141;Vicolo ai Ronchetti;7;IT;6817;0;Maroggia;2718840.37;1088422.81;0;2021-07-19 00:00:00
11143519;TI;5195;Maroggia;1004;bestehend;existant;esistente;2718836.85;1088448.206;0;101248147;10128279;Via ai Molini;3;IT;6817;0;Maroggia;2718836.85;1088448.206;0;2021-07-19 00:00:00
11143520;TI;5195;Maroggia;1004;bestehend;existant;esistente;2719002.19;1088275.734;0;101248148;10128279;Via ai Molini;69;IT;6817;0;Maroggia;2719002.19;1088275.734;0;2021-07-19 00:00:00
11143521;TI;5195;Maroggia;1004;bestehend;existant;esistente;2719002.01;1088605.52;0;101248149;10128277;Piazzo frazione;3;IT;6817;0;Maroggia;2719002.01;1088605.52;0;2021-07-19 00:00:00
11143522;TI;5195;Maroggia;1004;bestehend;existant;esistente;2718767.29;1088288.86;0;101248150;10139143;Vicolo Francesco Somaini;2;IT;6817;0;Maroggia;2718767.29;1088288.86;0;2021-07-19 00:00:00
11143523;TI;5195;Maroggia;1004;bestehend;existant;esistente;2719041.346;1088148.501;0;101248151;10139139;Via Val Mara;5;IT;6817;0;Maroggia;2719041.346;1088148.501;0;2021-07-19 00:00:00
11143524;TI;5195;Maroggia;1004;bestehend;existant;esistente;2718863.73;1088147.59;0;101248152;10138436;Viale Baldassarre Longhena;15;IT;6817;0;Maroggia;2718863.73;1088147.59;0;2021-07-19 00:00:00
11143525;TI;5195;Maroggia;1004;bestehend;existant;esistente;2719052.94;1088547.07;0;101248153;10128277;Piazzo frazione;6;IT;6817;0;Maroggia;2719052.94;1088547.07;0;2021-07-19 00:00:00
11143526;TI;5195;Maroggia;1004;bestehend;existant;esistente;2719031.717;1088614.279;0;101246526;10128277;Piazzo frazione;11;IT;6817;0;Maroggia;2719031.717;1088614.279;0;2021-07-19 00:00:00
11143527;TI;5195;Maroggia;1004;bestehend;existant;esistente;2719052.933;1088150.125;0;101246527;10139137;Via Ressiga;16;IT;6817;0;Maroggia;2719052.933;1088150.125;0;2021-07-19 00:00:00
11143528;TI;5195;Maroggia;1004;bestehend;existant;esistente;2719080.15;1088180.07;0;101246528;10139137;Via Ressiga;6;IT;6817;0;Maroggia;2719080.15;1088180.07;0;2021-07-19 00:00:00
11143530;TI;5195;Maroggia;1004;bestehend;existant;esistente;2719039.77;1088138.23;0;101246529;10139139;Via Val Mara;4;IT;6817;0;Maroggia;2719039.77;1088138.23;0;2021-07-19 00:00:00
11143531;TI;5195;Maroggia;1004;bestehend;existant;esistente;2718747.801;1088249.373;0;101246530;10139138;Via Tommaso e Giacomo Rodari;3;IT;6817;0;Maroggia;2718747.801;1088249.373;0;2021-07-19 00:00:00
11143532;TI;5195;Maroggia;1004;bestehend;existant;esistente;2719136.41;1088651.87;0;101246531;10128277;Piazzo frazione;13;IT;6817;0;Maroggia;2719136.41;1088651.87;0;2021-07-19 00:00:00
11143533;TI;5195;Maroggia;1004;bestehend;existant;esistente;2718848.43;1088341.38;0;101246532;10128279;Via ai Molini;13;IT;6817;0;Maroggia;2718848.43;1088341.38;0;2021-07-19 00:00:00
11143534;TI;5195;Maroggia;1004;bestehend;existant;esistente;2718836.63;1088359.81;0;101246533;10128279;Via ai Molini;9;IT;6817;0;Maroggia;2718836.63;1088359.81;0;2021-07-19 00:00:00
11143536;TI;5195;Maroggia;1004;bestehend;existant;esistente;2719014.56;1088436.48;0;101246535;10138434;Via al Vallone;2;IT;6817;0;Maroggia;2719014.56;1088436.48;0;2021-07-19 00:00:00
11143537;TI;5195;Maroggia;1004;bestehend;existant;esistente;2719063.858;1088000.839;0;101246536;10139135;Via Monte Generoso;11;IT;6817;0;Maroggia;2719063.858;1088000.839;0;2021-07-19 00:00:00
11143538;TI;5195;Maroggia;1004;bestehend;existant;esistente;2718886.042;1088023.599;0;101246537;10138437;Via Dr. Willy Fröhlich;3;IT;6817;0;Maroggia;2718886.042;1088023.599;0;2021-07-19 00:00:00
11143539;TI;5195;Maroggia;1004;bestehend;existant;esistente;2719051.42;1088020.21;0;101248165;10139135;Via Monte Generoso;10;IT;6817;0;Maroggia;2719051.42;1088020.21;0;2021-07-19 00:00:00
11143540;TI;5195;Maroggia;1004;bestehend;existant;esistente;2718918.62;1088295.8;0;101248166;10128279;Via ai Molini;33;IT;6817;0;Maroggia;2718918.62;1088295.8;0;2021-07-19 00:00:00
11143542;TI;5195;Maroggia;1004;bestehend;existant;esistente;2718812.77;1088447.29;0;101248168;10128279;Via ai Molini;1;IT;6817;0;Maroggia;2718812.77;1088447.29;0;2021-07-19 00:00:00
11143543;TI;5195;Maroggia;1004;bestehend;existant;esistente;2719107.52;1088029.59;0;101248169;10139137;Via Ressiga;30a;IT;6817;0;Maroggia;2719107.52;1088029.59;0;2021-07-19 00:00:00
11143543;TI;5195;Maroggia;1004;bestehend;existant;esistente;2719107.52;1088029.59;1;102041508;10139137;Via Ressiga;30b;IT;6817;0;Maroggia;2719107.52;1088029.59;0;2021-07-19 00:00:00
11143543;TI;5195;Maroggia;1004;bestehend;existant;esistente;2719107.52;1088029.59;2;102041509;10139137;Via Ressiga;30c;IT;6817;0;Maroggia;2719107.52;1088029.59;0;2021-07-19 00:00:00
11143544;TI;5195;Maroggia;1004;bestehend;existant;esistente;2718792.94;1088288.7;0;101248170;10138436;Viale Baldassarre Longhena;32;IT;6817;0;Maroggia;2718792.94;1088288.7;0;2021-07-19 00:00:00
11143545;TI;5195;Maroggia;1004;bestehend;existant;esistente;2719078.85;1087923.74;0;101248171;10139140;Viale Stazione;7;IT;6817;0;Maroggia;2719078.85;1087923.74;0;2021-07-19 00:00:00
11143546;TI;5195;Maroggia;1004;bestehend;existant;esistente;2718760.186;1088253.746;0;101248172;10139138;Via Tommaso e Giacomo Rodari;7;IT;6817;0;Maroggia;2718760.186;1088253.746;0;2021-07-19 00:00:00
11143547;TI;5195;Maroggia;1004;bestehend;existant;esistente;2718920.74;1088248.22;0;101248173;10128279;Via ai Molini;8;IT;6817;0;Maroggia;2718920.74;1088248.22;0;2021-07-19 00:00:00
11143550;TI;5195;Maroggia;1004;bestehend;existant;esistente;2718819.53;1088432.38;0;101248174;10128279;Via ai Molini;5;IT;6817;0;Maroggia;2718819.53;1088432.38;0;2021-07-19 00:00:00
11143551;TI;5195;Maroggia;1004;bestehend;existant;esistente;2718938.03;1087906.8;0;101248175;10138433;Via al Parco;11;IT;6817;0;Maroggia;2718938.03;1087906.8;0;2021-07-19 00:00:00
11169138;TI;5195;Maroggia;1004;bestehend;existant;esistente;2719100.12;1088549;0;101251053;10128277;Piazzo frazione;12;IT;6817;0;Maroggia;2719100.12;1088549;0;2021-07-19 00:00:00
11169973;TI;5195;Maroggia;1004;bestehend;existant;esistente;2718678.68;1088274.35;0;101252751;10139138;Via Tommaso e Giacomo Rodari;17;IT;6817;0;Maroggia;2718678.68;1088274.35;0;2021-07-19 00:00:00
11204116;TI;5195;Maroggia;1004;bestehend;existant;esistente;2718438.183;1088681.752;0;101418457;10138436;Viale Baldassarre Longhena;4;IT;6817;0;Maroggia;2718438.183;1088681.752;0;2021-07-19 00:00:00
11204130;TI;5195;Maroggia;1004;bestehend;existant;esistente;2718766.186;1088283.747;0;101418458;10139138;Via Tommaso e Giacomo Rodari;14;IT;6817;0;Maroggia;2718766.186;1088283.747;0;2021-07-19 00:00:00
11204135;TI;5195;Maroggia;1004;bestehend;existant;esistente;2718804.96;1088421.69;0;101418459;10139141;Vicolo ai Ronchetti;5;IT;6817;0;Maroggia;2718804.96;1088421.69;0;2021-07-19 00:00:00
11204146;TI;5195;Maroggia;1004;bestehend;existant;esistente;2718457.654;1088673.271;0;101418461;10138436;Viale Baldassarre Longhena;6;IT;6817;0;Maroggia;2718457.654;1088673.271;0;2021-07-19 00:00:00
11204148;TI;5195;Maroggia;1004;bestehend;existant;esistente;2718538.185;1088629.753;0;101418462;10138436;Viale Baldassarre Longhena;8;IT;6817;0;Maroggia;2718538.185;1088629.753;0;2021-07-19 00:00:00
11204152;TI;5195;Maroggia;1004;bestehend;existant;esistente;2718849.96;1087871.21;0;101418463;10138433;Via al Parco;19;IT;6817;0;Maroggia;2718849.96;1087871.21;0;2021-07-19 00:00:00
11204153;TI;5195;Maroggia;1004;bestehend;existant;esistente;2718815.4;1088049.07;0;101418464;10128278;Quartiere Prà Comun;4;IT;6817;0;Maroggia;2718815.4;1088049.07;0;2021-07-19 00:00:00
11204154;TI;5195;Maroggia;1004;bestehend;existant;esistente;2718789.15;1088025.54;0;101418465;10128278;Quartiere Prà Comun;7;IT;6817;0;Maroggia;2718789.15;1088025.54;0;2021-07-19 00:00:00
11204155;TI;5195;Maroggia;1004;bestehend;existant;esistente;2718721.74;1087992.32;0;101418466;10128278;Quartiere Prà Comun;17;IT;6817;0;Maroggia;2718721.74;1087992.32;0;2021-07-19 00:00:00
11204157;TI;5195;Maroggia;1004;bestehend;existant;esistente;2718754.15;1087958.75;0;101418467;10128278;Quartiere Prà Comun;19;IT;6817;0;Maroggia;2718754.15;1087958.75;0;2021-07-19 00:00:00
11204158;TI;5195;Maroggia;1004;bestehend;existant;esistente;2718828.37;1088034.01;0;101418468;10128278;Quartiere Prà Comun;5;IT;6817;0;Maroggia;2718828.37;1088034.01;0;2021-07-19 00:00:00
11204160;TI;5195;Maroggia;1004;bestehend;existant;esistente;2718776.8;1087991.485;0;101418469;10128278;Quartiere Prà Comun;11;IT;6817;0;Maroggia;2718776.8;1087991.485;0;2021-07-19 00:00:00
11204163;TI;5195;Maroggia;1004;bestehend;existant;esistente;2718801.185;1088061.741;0;101418470;10128278;Quartiere Prà Comun;3;IT;6817;0;Maroggia;2718801.185;1088061.741;0;2021-07-19 00:00:00
11204164;TI;5195;Maroggia;1004;bestehend;existant;esistente;2718766.184;1088005.739;0;101418471;10128278;Quartiere Prà Comun;12;IT;6817;0;Maroggia;2718766.184;1088005.739;0;2021-07-19 00:00:00
11204165;TI;5195;Maroggia;1004;bestehend;existant;esistente;2718808.25;1087998.05;0;101418472;10128278;Quartiere Prà Comun;9;IT;6817;0;Maroggia;2718808.25;1087998.05;0;2021-07-19 00:00:00
11204166;TI;5195;Maroggia;1004;bestehend;existant;esistente;2718765.255;1087949.278;0;101418473;10128278;Quartiere Prà Comun;20;IT;6817;0;Maroggia;2718765.255;1087949.278;0;2021-07-19 00:00:00
11204169;TI;5195;Maroggia;1004;bestehend;existant;esistente;2718784.704;1088260.467;0;101418474;10139138;Via Tommaso e Giacomo Rodari;6;IT;6817;0;Maroggia;2718784.704;1088260.467;0;2021-07-19 00:00:00
11204171;TI;5195;Maroggia;1004;bestehend;existant;esistente;2718790.451;1087975.721;0;101418475;10128278;Quartiere Prà Comun;10;IT;6817;0;Maroggia;2718790.451;1087975.721;0;2021-07-19 00:00:00
11228584;TI;5195;Maroggia;1004;bestehend;existant;esistente;2718725.94;1088270.79;0;101328383;10139138;Via Tommaso e Giacomo Rodari;17;IT;6817;0;Maroggia;2718725.94;1088270.79;0;2021-07-19 00:00:00
11228586;TI;5195;Maroggia;1004;bestehend;existant;esistente;2718801.951;1088013.961;0;101328382;10128278;Quartiere Prà Comun;"";IT;6817;0;Maroggia;2718801.951;1088013.961;0;2021-07-19 00:00:00
11228588;TI;5195;Maroggia;1004;bestehend;existant;esistente;2718780.156;1088283.911;0;101328381;10139138;Via Tommaso e Giacomo Rodari;14;IT;6817;0;Maroggia;2718780.156;1088283.911;0;2021-07-19 00:00:00
11228590;TI;5195;Maroggia;1004;bestehend;existant;esistente;2718727.83;1088303.78;0;101328380;10138436;Viale Baldassarre Longhena;24;IT;6817;0;Maroggia;2718727.83;1088303.78;0;2021-07-19 00:00:00
190073615;TI;5195;Maroggia;1004;bestehend;existant;esistente;2718773.186;1088289.747;0;101360348;10139143;Vicolo Francesco Somaini;2;IT;6817;0;Maroggia;2718773.186;1088289.747;0;2021-07-19 00:00:00
190086873;TI;5195;Maroggia;1004;bestehend;existant;esistente;2718787.186;1088244.746;0;101298454;10139138;Via Tommaso e Giacomo Rodari;4;IT;6817;0;Maroggia;2718787.186;1088244.746;0;2021-07-19 00:00:00
190086873;TI;5195;Maroggia;1004;bestehend;existant;esistente;2718787.186;1088244.746;1;101900547;10138436;Viale Baldassarre Longhena;38;IT;6817;0;Maroggia;2718787.186;1088244.746;0;2021-07-19 00:00:00
190098004;TI;5195;Maroggia;1004;bestehend;existant;esistente;2718560.185;1088623.753;0;101397200;10138436;Viale Baldassarre Longhena;12;IT;6817;0;Maroggia;2718560.185;1088623.753;0;2021-07-19 00:00:00
190112767;TI;5195;Maroggia;1004;bestehend;existant;esistente;2719373.6;1088718.96;0;102174333;10139139;Via Val Mara;11;IT;6817;0;Maroggia;2719373.6;1088718.96;0;2021-07-19 00:00:00
190132838;TI;5195;Maroggia;1004;bestehend;existant;esistente;2718751.184;1088023.739;0;101510401;10128278;Quartiere Prà Comun;13;IT;6817;0;Maroggia;2718751.184;1088023.739;0;2021-07-19 00:00:00
190155292;TI;5195;Maroggia;1004;bestehend;existant;esistente;2718778.186;1088247.746;0;101497902;10139138;Via Tommaso e Giacomo Rodari;2;IT;6817;0;Maroggia;2718778.186;1088247.746;0;2021-07-19 00:00:00
190166152;TI;5195;Maroggia;1004;bestehend;existant;esistente;2718730.65;1088093.17;0;101497270;10138432;Via al Lido;7;IT;6817;0;Maroggia;2718730.65;1088093.17;0;2021-07-19 00:00:00
190166154;TI;5195;Maroggia;1004;bestehend;existant;esistente;2718695.1;1088108.41;0;101497271;10138432;Via al Lido;8;IT;6817;0;Maroggia;2718695.1;1088108.41;0;2021-07-19 00:00:00
190166419;TI;5195;Maroggia;1004;bestehend;existant;esistente;2718731.183;1088031.739;0;101502151;10128278;Quartiere Prà Comun;14;IT;6817;0;Maroggia;2718731.183;1088031.739;0;2021-07-19 00:00:00
190193485;TI;5195;Maroggia;1004;bestehend;existant;esistente;2719030.16;1088044.4;0;101575164;10139135;Via Monte Generoso;3;IT;6817;0;Maroggia;2719030.16;1088044.4;0;2021-07-19 00:00:00
190201343;TI;5195;Maroggia;1004;bestehend;existant;esistente;2718846.17;1088373.46;0;102196143;10139141;Vicolo ai Ronchetti;2;IT;6817;0;Maroggia;2718846.17;1088373.46;0;2021-07-19 00:00:00
190211581;TI;5195;Maroggia;1004;bestehend;existant;esistente;2718706.183;1088014.738;0;101639866;10128278;Quartiere Prà Comun;16;IT;6817;0;Maroggia;2718706.183;1088014.738;0;2021-07-19 00:00:00
190902629;TI;5195;Maroggia;1004;bestehend;existant;esistente;2718966.77;1088528.25;0;102183315;10128277;Piazzo frazione;2;IT;6817;0;Maroggia;2718966.77;1088528.25;0;2021-07-19 00:00:00
191182990;TI;5195;Maroggia;1004;bestehend;existant;esistente;2718767.186;1088296.747;0;101899841;10139143;Vicolo Francesco Somaini;1;IT;6817;0;Maroggia;2718767.186;1088296.747;0;2021-07-19 00:00:00
191183030;TI;5195;Maroggia;1004;bestehend;existant;esistente;2719015.54;1088571.38;0;101891948;10128277;Piazzo frazione;4;IT;6817;0;Maroggia;2719015.54;1088571.38;0;2021-07-19 00:00:00
191183050;TI;5195;Maroggia;1004;bestehend;existant;esistente;2719219.16;1088269.05;0;101891950;10139139;Via Val Mara;7;IT;6817;0;Maroggia;2719219.16;1088269.05;0;2021-07-19 00:00:00
191183053;TI;5195;Maroggia;1004;bestehend;existant;esistente;2719254.33;1088304.22;0;101899848;10139139;Via Val Mara;8;IT;6817;0;Maroggia;2719254.33;1088304.22;0;2021-07-19 00:00:00
191184110;TI;5195;Maroggia;1004;bestehend;existant;esistente;2718889.45;1088299.99;0;101892915;10128279;Via ai Molini;23;IT;6817;0;Maroggia;2718889.45;1088299.99;0;2021-07-19 00:00:00
191193032;TI;5195;Maroggia;1004;bestehend;existant;esistente;2719038.34;1087910.15;0;101897763;10139140;Viale Stazione;28;IT;6817;0;Maroggia;2719038.34;1087910.15;0;2021-07-19 00:00:00
191259071;TI;5195;Maroggia;1004;bestehend;existant;esistente;2718890.98;1088374.79;0;102012218;10207549;Via Siegfried Bieber;41;IT;6817;0;Maroggia;2718890.98;1088374.79;0;2021-07-19 00:00:00
191259071;TI;5195;Maroggia;1004;bestehend;existant;esistente;2718890.98;1088374.79;1;102301452;10207549;Via Siegfried Bieber;43;IT;6817;0;Maroggia;2718890.98;1088374.79;0;2021-07-19 00:00:00
191259110;TI;5195;Maroggia;1004;bestehend;existant;esistente;2718950.71;1088354.99;0;102012221;10207549;Via Siegfried Bieber;53;IT;6817;0;Maroggia;2718950.71;1088354.99;0;2021-07-19 00:00:00
191259110;TI;5195;Maroggia;1004;bestehend;existant;esistente;2718950.71;1088354.99;1;102296114;10207549;Via Siegfried Bieber;55;IT;6817;0;Maroggia;2718950.71;1088354.99;0;2021-07-19 00:00:00
191283972;TI;5195;Maroggia;1004;bestehend;existant;esistente;2719200.452;1088055.566;0;102035088;10138435;Via alle Cantine;3;IT;6817;0;Maroggia;2719200.452;1088055.566;0;2021-07-19 00:00:00
191292835;TI;5195;Maroggia;1004;bestehend;existant;esistente;2718846.09;1088390.55;0;102040536;10139141;Vicolo ai Ronchetti;4;IT;6817;0;Maroggia;2718846.09;1088390.55;0;2021-07-19 00:00:00
191511872;TI;5195;Maroggia;1004;bestehend;existant;esistente;2718807.69;1088417.195;0;102179826;10139141;Vicolo ai Ronchetti;5;IT;6817;0;Maroggia;2718807.69;1088417.195;0;2021-07-19 00:00:00
191655896;TI;5195;Maroggia;1004;bestehend;existant;esistente;2718934.95;1087971.77;0;102369916;10139140;Viale Stazione;16;IT;6817;0;Maroggia;2718934.95;1087971.77;0;2021-07-19 00:00:00
191658131;TI;5195;Maroggia;1004;bestehend;existant;esistente;2719086.68;1088600.22;0;102371344;10128277;Piazzo frazione;5;IT;6817;0;Maroggia;2719086.68;1088600.22;0;2021-07-19 00:00:00
191753871;TI;5195;Maroggia;1004;bestehend;existant;esistente;2718785.63;1088179.49;0;102444140;10138436;Viale Baldassarre Longhena;44;IT;6817;0;Maroggia;2718785.63;1088179.49;0;2021-07-19 00:00:00
191841760;TI;5195;Maroggia;1004;bestehend;existant;esistente;2718859.825;1087892.471;0;102544074;10138433;Via al Parco;"";IT;6817;0;Maroggia;2718859.825;1087892.471;0;2021-07-19 00:00:00
191841761;TI;5195;Maroggia;1004;bestehend;existant;esistente;2719096.648;1088107.553;0;102544075;10139142;Vicolo del Tiglio;"";IT;6817;0;Maroggia;2719096.648;1088107.553;0;2021-07-19 00:00:00
191841762;TI;5195;Maroggia;1004;bestehend;existant;esistente;2718705.259;1087981.082;0;102544076;10128278;Quartiere Prà Comun;"";IT;6817;0;Maroggia;2718705.259;1087981.082;0;2021-07-19 00:00:00
191841763;TI;5195;Maroggia;1004;bestehend;existant;esistente;2718736.277;1088164.883;0;102544077;10138432;Via al Lido;"";IT;6817;0;Maroggia;2718736.277;1088164.883;0;2021-07-19 00:00:00
191841764;TI;5195;Maroggia;1004;bestehend;existant;esistente;2718758.513;1088222.098;0;102544078;10138432;Via al Lido;"";IT;6817;0;Maroggia;2718758.513;1088222.098;0;2021-07-19 00:00:00
191841765;TI;5195;Maroggia;1004;bestehend;existant;esistente;2718877.738;1088318.088;0;102544079;10128279;Via ai Molini;"";IT;6817;0;Maroggia;2718877.738;1088318.088;0;2021-07-19 00:00:00
191841766;TI;5195;Maroggia;1004;bestehend;existant;esistente;2719005.916;1088034.455;0;102544080;10139135;Via Monte Generoso;"";IT;6817;0;Maroggia;2719005.916;1088034.455;0;2021-07-19 00:00:00
191841767;TI;5195;Maroggia;1004;bestehend;existant;esistente;2718893.408;1088000.003;0;102544081;10138437;Via Dr. Willy Fröhlich;"";IT;6817;0;Maroggia;2718893.408;1088000.003;0;2021-07-19 00:00:00
191841768;TI;5195;Maroggia;1004;bestehend;existant;esistente;2718875.231;1087984.882;0;102544082;10138433;Via al Parco;"";IT;6817;0;Maroggia;2718875.231;1087984.882;0;2021-07-19 00:00:00
191841770;TI;5195;Maroggia;1004;bestehend;existant;esistente;2718672.152;1088423.31;0;102544084;10138436;Viale Baldassarre Longhena;"";IT;6817;0;Maroggia;2718672.152;1088423.31;0;2021-07-19 00:00:00
191841771;TI;5195;Maroggia;1004;bestehend;existant;esistente;2718865.32;1088328.572;0;102544085;10128279;Via ai Molini;"";IT;6817;0;Maroggia;2718865.32;1088328.572;0;2021-07-19 00:00:00
191841772;TI;5195;Maroggia;1004;bestehend;existant;esistente;2719040.856;1087958.968;0;102544086;10139140;Viale Stazione;5;IT;6817;0;Maroggia;2719040.856;1087958.968;0;2021-07-19 00:00:00
191841773;TI;5195;Maroggia;1004;bestehend;existant;esistente;2718898.091;1088231.585;0;102544087;10128279;Via ai Molini;"";IT;6817;0;Maroggia;2718898.091;1088231.585;0;2021-07-19 00:00:00
191841774;TI;5195;Maroggia;1004;bestehend;existant;esistente;2719419.163;1088760.536;0;102544088;10139139;Via Val Mara;"";IT;6817;0;Maroggia;2719419.163;1088760.536;0;2021-07-19 00:00:00
191841775;TI;5195;Maroggia;1004;bestehend;existant;esistente;2718825.409;1087985.911;0;102544089;10138437;Via Dr. Willy Fröhlich;"";IT;6817;0;Maroggia;2718825.409;1087985.911;0;2021-07-19 00:00:00
191841776;TI;5195;Maroggia;1004;bestehend;existant;esistente;2719102.311;1088008.469;0;102544090;10139137;Via Ressiga;"";IT;6817;0;Maroggia;2719102.311;1088008.469;0;2021-07-19 00:00:00
191841777;TI;5195;Maroggia;1004;bestehend;existant;esistente;2719035.219;1088280.003;0;102544091;10128279;Via ai Molini;"";IT;6817;0;Maroggia;2719035.219;1088280.003;0;2021-07-19 00:00:00
191841778;TI;5195;Maroggia;1004;bestehend;existant;esistente;2718909.479;1087963.222;0;102544092;10139140;Viale Stazione;"";IT;6817;0;Maroggia;2718909.479;1087963.222;0;2021-07-19 00:00:00
191841779;TI;5195;Maroggia;1004;bestehend;existant;esistente;2718570.346;1088680.653;0;102544093;10138436;Viale Baldassarre Longhena;"";IT;6817;0;Maroggia;2718570.346;1088680.653;0;2021-07-19 00:00:00
191841780;TI;5195;Maroggia;1004;bestehend;existant;esistente;2719208.352;1088265.386;0;102544094;10139139;Via Val Mara;"";IT;6817;0;Maroggia;2719208.352;1088265.386;0;2021-07-19 00:00:00
191841781;TI;5195;Maroggia;1004;bestehend;existant;esistente;2719066.23;1088106.62;0;102544095;10139139;Via Val Mara;"";IT;6817;0;Maroggia;2719066.23;1088106.62;0;2021-07-19 00:00:00
191841782;TI;5195;Maroggia;1004;bestehend;existant;esistente;2718966.783;1088076.519;0;102544096;10139135;Via Monte Generoso;1;IT;6817;0;Maroggia;2718966.783;1088076.519;0;2021-07-19 00:00:00
191841783;TI;5195;Maroggia;1004;bestehend;existant;esistente;2719071.85;1088560.103;0;102544097;10128277;Piazzo frazione;"";IT;6817;0;Maroggia;2719071.85;1088560.103;0;2021-07-19 00:00:00
191841784;TI;5195;Maroggia;1004;bestehend;existant;esistente;2718904.81;1088146.393;0;102544098;10128279;Via ai Molini;"";IT;6817;0;Maroggia;2718904.81;1088146.393;0;2021-07-19 00:00:00
191841785;TI;5195;Maroggia;1004;bestehend;existant;esistente;2718973.139;1088109.141;0;102544099;10139139;Via Val Mara;"";IT;6817;0;Maroggia;2718973.139;1088109.141;0;2021-07-19 00:00:00
191841786;TI;5195;Maroggia;1004;bestehend;existant;esistente;2718669.442;1088068.564;0;102544100;10138432;Via al Lido;"";IT;6817;0;Maroggia;2718669.442;1088068.564;0;2021-07-19 00:00:00
191841787;TI;5195;Maroggia;1004;bestehend;existant;esistente;2718671.004;1088429.595;0;102544101;10138436;Viale Baldassarre Longhena;"";IT;6817;0;Maroggia;2718671.004;1088429.595;0;2021-07-19 00:00:00
191841788;TI;5195;Maroggia;1004;bestehend;existant;esistente;2718755.332;1088121.085;0;102544102;10138432;Via al Lido;"";IT;6817;0;Maroggia;2718755.332;1088121.085;0;2021-07-19 00:00:00
191841789;TI;5195;Maroggia;1004;bestehend;existant;esistente;2719008.258;1088119.388;0;102544103;10139139;Via Val Mara;3;IT;6817;0;Maroggia;2719008.258;1088119.388;0;2021-07-19 00:00:00
191931224;TI;5195;Maroggia;1004;bestehend;existant;esistente;2719113.115;1088236.814;0;102921346;10139139;Via Val Mara;"";IT;6817;0;Maroggia;2719113.115;1088236.814;0;2021-07-19 00:00:00
191931225;TI;5195;Maroggia;1004;bestehend;existant;esistente;2719032.792;1088567.498;0;102921347;10128277;Piazzo frazione;"";IT;6817;0;Maroggia;2719032.792;1088567.498;0;2021-07-19 00:00:00
191931226;TI;5195;Maroggia;1004;bestehend;existant;esistente;2719048.384;1088128.054;0;102921348;10139139;Via Val Mara;"";IT;6817;0;Maroggia;2719048.384;1088128.054;0;2021-07-19 00:00:00
191931227;TI;5195;Maroggia;1004;bestehend;existant;esistente;2719189.971;1088571.948;0;102921349;10128277;Piazzo frazione;"";IT;6817;0;Maroggia;2719189.971;1088571.948;0;2021-07-19 00:00:00
191931228;TI;5195;Maroggia;1004;bestehend;existant;esistente;2719116.747;1088232.714;0;102921350;10139139;Via Val Mara;"";IT;6817;0;Maroggia;2719116.747;1088232.714;0;2021-07-19 00:00:00
191931229;TI;5195;Maroggia;1004;bestehend;existant;esistente;2719023.24;1088422.559;0;102921351;10138434;Via al Vallone;"";IT;6817;0;Maroggia;2719023.24;1088422.559;0;2021-07-19 00:00:00
191931230;TI;5195;Maroggia;1004;bestehend;existant;esistente;2718995.399;1088642.922;0;102921352;10128277;Piazzo frazione;"";IT;6817;0;Maroggia;2718995.399;1088642.922;0;2021-07-19 00:00:00
191931231;TI;5195;Maroggia;1004;bestehend;existant;esistente;2718846.448;1087886.178;0;102921353;10138433;Via al Parco;"";IT;6817;0;Maroggia;2718846.448;1087886.178;0;2021-07-19 00:00:00
191931232;TI;5195;Maroggia;1004;bestehend;existant;esistente;2718986.712;1088593.269;0;102921354;10128277;Piazzo frazione;"";IT;6817;0;Maroggia;2718986.712;1088593.269;0;2021-07-19 00:00:00
191931233;TI;5195;Maroggia;1004;bestehend;existant;esistente;2718717.221;1088454.075;0;102921355;10138436;Viale Baldassarre Longhena;"";IT;6817;0;Maroggia;2718717.221;1088454.075;0;2021-07-19 00:00:00
191931234;TI;5195;Maroggia;1004;bestehend;existant;esistente;2718828.417;1088242.172;0;102921356;10138436;Viale Baldassarre Longhena;"";IT;6817;0;Maroggia;2718828.417;1088242.172;0;2021-07-19 00:00:00
191931235;TI;5195;Maroggia;1004;bestehend;existant;esistente;2718989.781;1088460.024;0;102921357;10138434;Via al Vallone;"";IT;6817;0;Maroggia;2718989.781;1088460.024;0;2021-07-19 00:00:00
191931236;TI;5195;Maroggia;1004;bestehend;existant;esistente;2718856.778;1088041.56;0;102921358;10139140;Viale Stazione;"";IT;6817;0;Maroggia;2718856.778;1088041.56;0;2021-07-19 00:00:00
191931237;TI;5195;Maroggia;1004;bestehend;existant;esistente;2718780.605;1088470.624;0;102921359;10128279;Via ai Molini;"";IT;6817;0;Maroggia;2718780.605;1088470.624;0;2021-07-19 00:00:00
191931238;TI;5195;Maroggia;1004;bestehend;existant;esistente;2718910.72;1088332.896;0;102921360;10128279;Via ai Molini;"";IT;6817;0;Maroggia;2718910.72;1088332.896;0;2021-07-19 00:00:00
191931239;TI;5195;Maroggia;1004;bestehend;existant;esistente;2719063.315;1088012.082;0;102921361;10139135;Via Monte Generoso;"";IT;6817;0;Maroggia;2719063.315;1088012.082;0;2021-07-19 00:00:00
191931240;TI;5195;Maroggia;1004;bestehend;existant;esistente;2719056.607;1088154.717;0;102921362;10139137;Via Ressiga;"";IT;6817;0;Maroggia;2719056.607;1088154.717;0;2021-07-19 00:00:00
191931241;TI;5195;Maroggia;1004;bestehend;existant;esistente;2719156.792;1088994.795;0;102921363;10128277;Piazzo frazione;"";IT;6817;0;Maroggia;2719156.792;1088994.795;0;2021-07-19 00:00:00
191931242;TI;5195;Maroggia;1004;bestehend;existant;esistente;2718480.575;1088694.34;0;102921364;10138436;Viale Baldassarre Longhena;"";IT;6817;0;Maroggia;2718480.575;1088694.34;0;2021-07-19 00:00:00
191931243;TI;5195;Maroggia;1004;bestehend;existant;esistente;2718873.795;1088135.061;0;102921365;10138436;Viale Baldassarre Longhena;"";IT;6817;0;Maroggia;2718873.795;1088135.061;0;2021-07-19 00:00:00
191931244;TI;5195;Maroggia;1004;bestehend;existant;esistente;2718885.499;1088314.437;0;102921366;10128279;Via ai Molini;"";IT;6817;0;Maroggia;2718885.499;1088314.437;0;2021-07-19 00:00:00
191931245;TI;5195;Maroggia;1004;bestehend;existant;esistente;2719075.034;1087997.064;0;102921367;10139135;Via Monte Generoso;"";IT;6817;0;Maroggia;2719075.034;1087997.064;0;2021-07-19 00:00:00
191931246;TI;5195;Maroggia;1004;bestehend;existant;esistente;2719107.918;1088240.352;0;102921368;10139139;Via Val Mara;"";IT;6817;0;Maroggia;2719107.918;1088240.352;0;2021-07-19 00:00:00
191931247;TI;5195;Maroggia;1004;bestehend;existant;esistente;2719167.843;1088027.447;0;102921369;10139137;Via Ressiga;"";IT;6817;0;Maroggia;2719167.843;1088027.447;0;2021-07-19 00:00:00
191931248;TI;5195;Maroggia;1004;bestehend;existant;esistente;2718652.656;1088432.025;0;102921370;10138436;Viale Baldassarre Longhena;"";IT;6817;0;Maroggia;2718652.656;1088432.025;0;2021-07-19 00:00:00
191931249;TI;5195;Maroggia;1004;bestehend;existant;esistente;2718923.127;1087908.534;0;102921371;10138433;Via al Parco;"";IT;6817;0;Maroggia;2718923.127;1087908.534;0;2021-07-19 00:00:00
191931250;TI;5195;Maroggia;1004;bestehend;existant;esistente;2718669.125;1088451.863;0;102921372;10138436;Viale Baldassarre Longhena;"";IT;6817;0;Maroggia;2718669.125;1088451.863;0;2021-07-19 00:00:00
191931251;TI;5195;Maroggia;1004;bestehend;existant;esistente;2718820.272;1088384.41;0;102921373;10128279;Via ai Molini;"";IT;6817;0;Maroggia;2718820.272;1088384.41;0;2021-07-19 00:00:00
191931252;TI;5195;Maroggia;1004;bestehend;existant;esistente;2718664.267;1088126.994;0;102921374;10138432;Via al Lido;"";IT;6817;0;Maroggia;2718664.267;1088126.994;0;2021-07-19 00:00:00
191931253;TI;5195;Maroggia;1004;bestehend;existant;esistente;2718994.48;1088622.749;0;102921375;10128277;Piazzo frazione;"";IT;6817;0;Maroggia;2718994.48;1088622.749;0;2021-07-19 00:00:00
191931254;TI;5195;Maroggia;1004;bestehend;existant;esistente;2719014.794;1087980.544;0;102921376;10139140;Viale Stazione;"";IT;6817;0;Maroggia;2719014.794;1087980.544;0;2021-07-19 00:00:00
191931255;TI;5195;Maroggia;1004;bestehend;existant;esistente;2718865.948;1088335.895;0;102921377;10128279;Via ai Molini;"";IT;6817;0;Maroggia;2718865.948;1088335.895;0;2021-07-19 00:00:00
191931256;TI;5195;Maroggia;1004;bestehend;existant;esistente;2718818.378;1088016.916;0;102921378;10128278;Quartiere Prà Comun;"";IT;6817;0;Maroggia;2718818.378;1088016.916;0;2021-07-19 00:00:00
191931257;TI;5195;Maroggia;1004;bestehend;existant;esistente;2718817.619;1087996.821;0;102921379;10128278;Quartiere Prà Comun;"";IT;6817;0;Maroggia;2718817.619;1087996.821;0;2021-07-19 00:00:00
191931258;TI;5195;Maroggia;1004;bestehend;existant;esistente;2718676.359;1088000.45;0;102921380;10128278;Quartiere Prà Comun;"";IT;6817;0;Maroggia;2718676.359;1088000.45;0;2021-07-19 00:00:00
191931259;TI;5195;Maroggia;1004;bestehend;existant;esistente;2719157.413;1088210.493;0;102921381;10139139;Via Val Mara;"";IT;6817;0;Maroggia;2719157.413;1088210.493;0;2021-07-19 00:00:00
191931260;TI;5195;Maroggia;1004;bestehend;existant;esistente;2718680.403;1087998.128;0;102921382;10128278;Quartiere Prà Comun;"";IT;6817;0;Maroggia;2718680.403;1087998.128;0;2021-07-19 00:00:00
191931261;TI;5195;Maroggia;1004;bestehend;existant;esistente;2718992.128;1088114.23;0;102921383;10139135;Via Monte Generoso;"";IT;6817;0;Maroggia;2718992.128;1088114.23;0;2021-07-19 00:00:00
191931262;TI;5195;Maroggia;1004;bestehend;existant;esistente;2718990.658;1088570.613;0;102921384;10128277;Piazzo frazione;"";IT;6817;0;Maroggia;2718990.658;1088570.613;0;2021-07-19 00:00:00
191931263;TI;5195;Maroggia;1004;bestehend;existant;esistente;2719060.834;1088093.5;0;102921385;10139139;Via Val Mara;"";IT;6817;0;Maroggia;2719060.834;1088093.5;0;2021-07-19 00:00:00
191931264;TI;5195;Maroggia;1004;bestehend;existant;esistente;2718994.018;1088599.149;0;102921386;10128277;Piazzo frazione;"";IT;6817;0;Maroggia;2718994.018;1088599.149;0;2021-07-19 00:00:00
191931265;TI;5195;Maroggia;1004;bestehend;existant;esistente;2718833.309;1087905.131;0;102921387;10138433;Via al Parco;"";IT;6817;0;Maroggia;2718833.309;1087905.131;0;2021-07-19 00:00:00
191931266;TI;5195;Maroggia;1004;bestehend;existant;esistente;2718780.993;1088350.627;0;102921388;10138436;Viale Baldassarre Longhena;"";IT;6817;0;Maroggia;2718780.993;1088350.627;0;2021-07-19 00:00:00
191931267;TI;5195;Maroggia;1004;bestehend;existant;esistente;2719280.526;1088420.802;0;102921389;10139139;Via Val Mara;"";IT;6817;0;Maroggia;2719280.526;1088420.802;0;2021-07-19 00:00:00
191931268;TI;5195;Maroggia;1004;bestehend;existant;esistente;2719012.603;1087982.433;0;102921390;10139140;Viale Stazione;"";IT;6817;0;Maroggia;2719012.603;1087982.433;0;2021-07-19 00:00:00
191931269;TI;5195;Maroggia;1004;bestehend;existant;esistente;2718961.427;1088542.526;0;102921391;10128277;Piazzo frazione;"";IT;6817;0;Maroggia;2718961.427;1088542.526;0;2021-07-19 00:00:00
191931270;TI;5195;Maroggia;1004;bestehend;existant;esistente;2719110.64;1088682.74;0;102921392;10128277;Piazzo frazione;"";IT;6817;0;Maroggia;2719110.64;1088682.74;0;2021-07-19 00:00:00
191931271;TI;5195;Maroggia;1004;bestehend;existant;esistente;2718926.744;1088301.227;0;102921393;10128279;Via ai Molini;"";IT;6817;0;Maroggia;2718926.744;1088301.227;0;2021-07-19 00:00:00
191952680;TI;5195;Maroggia;1001;projektiert;en projet;in progetto;2719015.187;1087930.736;0;103016325;10139140;Viale Stazione;"";IT;6817;0;Maroggia;2719015.187;1087930.736;0;2021-07-19 00:00:00
191954700;TI;5195;Maroggia;1004;bestehend;existant;esistente;2718658.185;1088420.749;0;103043045;10138436;Viale Baldassarre Longhena;"";IT;6817;0;Maroggia;2718658.185;1088420.749;0;2021-07-19 00:00:00
191954717;TI;5195;Maroggia;1004;bestehend;existant;esistente;2718890.184;1087811.735;0;103044070;10138433;Via al Parco;"";IT;6817;0;Maroggia;2718890.184;1087811.735;0;2021-07-19 00:00:00
191954721;TI;5195;Maroggia;1004;bestehend;existant;esistente;2718980.189;1088243.735;0;103045028;10128279;Via ai Molini;"";IT;6817;0;Maroggia;2718980.189;1088243.735;0;2021-07-19 00:00:00
191954723;TI;5195;Maroggia;1004;bestehend;existant;esistente;2718806.184;1087932.737;0;103045030;10138437;Via Dr. Willy Fröhlich;"";IT;6817;0;Maroggia;2718806.184;1087932.737;0;2021-07-19 00:00:00
191954727;TI;5195;Maroggia;1004;bestehend;existant;esistente;2718892.187;1088206.741;0;103045034;10128279;Via ai Molini;"";IT;6817;0;Maroggia;2718892.187;1088206.741;0;2021-07-19 00:00:00
191954728;TI;5195;Maroggia;1004;bestehend;existant;esistente;2718886.187;1088219.741;0;103045035;10128279;Via ai Molini;"";IT;6817;0;Maroggia;2718886.187;1088219.741;0;2021-07-19 00:00:00
274002620;TI;5195;Maroggia;1004;bestehend;existant;esistente;2718881.187;1088241.741;0;101365723;10128279;Via ai Molini;2;IT;6817;0;Maroggia;2718881.187;1088241.741;0;2021-07-19 00:00:00
274002629;TI;5195;Maroggia;1004;bestehend;existant;esistente;2719019.187;1087894.737;0;101365731;10139140;Viale Stazione;26;IT;6817;0;Maroggia;2719019.187;1087894.737;0;2021-07-19 00:00:00
274002631;TI;5195;Maroggia;1004;bestehend;existant;esistente;2719083.27;1088005.06;0;101365727;10139137;Via Ressiga;32;IT;6817;0;Maroggia;2719083.27;1088005.06;0;2021-07-19 00:00:00
274002634;TI;5195;Maroggia;1004;bestehend;existant;esistente;2719136.47;1087983.19;0;101365726;10139137;Via Ressiga;3;IT;6817;0;Maroggia;2719136.47;1087983.19;0;2021-07-19 00:00:00
274002636;TI;5195;Maroggia;1004;bestehend;existant;esistente;2719076.02;1088101.07;0;101365725;10139137;Via Ressiga;22;IT;6817;0;Maroggia;2719076.02;1088101.07;0;2021-07-19 00:00:00
274002640;TI;5195;Maroggia;1004;bestehend;existant;esistente;2718935.13;1088111.37;0;101365729;10139139;Via Val Mara;1;IT;6817;0;Maroggia;2718935.13;1088111.37;0;2021-07-19 00:00:00
274002643;TI;5195;Maroggia;1004;bestehend;existant;esistente;2718421.183;1088692.752;0;101365728;10138436;Viale Baldassarre Longhena;2;IT;6817;0;Maroggia;2718421.183;1088692.752;0;2021-07-19 00:00:00
274002665;TI;5195;Maroggia;1004;bestehend;existant;esistente;2718883.62;1088048.19;0;101365730;10139140;Viale Stazione;6;IT;6817;0;Maroggia;2718883.62;1088048.19;0;2021-07-19 00:00:00
274004756;TI;5195;Maroggia;1004;bestehend;existant;esistente;2718671.186;1088527.75;0;101465386;10138436;Viale Baldassarre Longhena;18;IT;6817;0;Maroggia;2718671.186;1088527.75;0;2021-07-19 00:00:00
274004759;TI;5195;Maroggia;1004;bestehend;existant;esistente;2718572.12;1088619.78;0;101465389;10138436;Viale Baldassarre Longhena;14;IT;6817;0;Maroggia;2718572.12;1088619.78;0;2021-07-19 00:00:00
274004761;TI;5195;Maroggia;1004;bestehend;existant;esistente;2718835.37;1088197.41;0;101465391;10138436;Viale Baldassarre Longhena;9;IT;6817;0;Maroggia;2718835.37;1088197.41;0;2021-07-19 00:00:00
274004766;TI;5195;Maroggia;1004;bestehend;existant;esistente;2718814.99;1088254.01;0;101604487;10138436;Viale Baldassarre Longhena;3;IT;6817;0;Maroggia;2718814.99;1088254.01;0;2021-07-19 00:00:00
