index;geometry;EGID;mappale;nome;indirizzo;quartiere;NPA;comune;categoria;classe;epoca_costruzione;superficie;num_piani;coord_e;coord_n;SRE;k_SH;fab_SH;k_DHW;fab_DHW;fab_tot
0;POINT (718926.9 88009);11100593;275a;;Viale Stazione 14;Maroggia;6817;Maroggia;1060;1230.0;8011.0;106.0;2.0;2718926.915;1088008.949;212.0;73;15476.0;7;1484.0;16960.0
1;POINT (719319.2 88473.8);11100596;82a;STAND DI TIRO;Via Val Mara 10;Maroggia;6817;Maroggia;1060;1274.0;8011.0;61.0;1.0;2719319.197;1088473.713;61.0;0;0.0;0;0.0;0.0
2;POINT (718613.1 88599.8);11143425;3a;;Viale Baldassarre Longhena 16;Maroggia;6817;Maroggia;1040;1122.0;8012.0;302.0;2.0;2718613.186;1088599.753;604.0;149;89996.0;21;12684.0;102680.0
3;POINT (718981.5 88610.3);11143426;31a;;Piazzo frazione 1;Maroggia;6817;Maroggia;1020;1110.0;8012.0;98.0;2.0;2718981.569;1088610.271;196.0;149;29204.0;14;2744.0;31948.0
4;POINT (719148.2 88673.8);11143427;36a;;Piazzo frazione 15;Maroggia;6817;Maroggia;1020;1110.0;8014.0;117.0;2.0;2719148.196;1088673.721;234.0;131;30654.0;14;3276.0;33930.0
5;POINT (719004.7 88453.3);11143428;45a;;Via al Vallone 3;Maroggia;6817;Maroggia;1020;1121.0;8013.0;130.0;2.0;2719004.7;1088453.28;260.0;141;36660.0;21;5460.0;42120.0
6;POINT (719018.2 88418.8);11143429;49a;;Via al Vallone 1;Maroggia;6817;Maroggia;1060;1122.0;8014.0;254.0;2.0;2719018.191;1088418.731;508.0;131;66548.0;21;10668.0;77216.0
7;POINT (719170.6 88596.60000000001);11143430;60a;;Piazzo frazione 14;Maroggia;6817;Maroggia;1020;1110.0;8013.0;192.0;2.0;2719170.61;1088596.54;384.0;141;54144.0;14;5376.0;59520.0
8;POINT (719275.7 88335.3);11143431;80a;;Via Val Mara 9;Maroggia;6817;Maroggia;1020;1110.0;8012.0;46.0;2.0;2719275.701;1088335.241;92.0;149;13708.0;14;1288.0;14996.0
9;POINT (719196.3 88072.39999999999);11143433;459a;;Via alle Cantine 1;Maroggia;6817;Maroggia;1020;1122.0;8012.0;105.0;3.0;2719196.35;1088072.36;315.0;149;46935.0;21;6615.0;53550.0
10;POINT (719170.2 88000.8);11143434;93a;;Via Ressiga 1;Maroggia;6817;Maroggia;1020;1122.0;8012.0;62.0;2.0;2719170.191;1088000.727;124.0;149;18476.0;21;2604.0;21080.0
11;POINT (719124.7 87969.3);11143435;94a;;Via Ressiga 5;Maroggia;6817;Maroggia;1020;1110.0;8012.0;85.0;2.0;2719124.778;1087969.291;170.0;149;25330.0;14;2380.0;27710.0
12;POINT (719093.3 88092);11143436;112a;;Vicolo del Tiglio 6;Maroggia;6817;Maroggia;1020;1110.0;8012.0;145.0;1.0;2719093.34;1088091.93;145.0;149;21605.0;14;2030.0;23635.0
13;POINT (719134.7 88068.5);11143437;114a;;Vicolo del Tiglio 2;Maroggia;6817;Maroggia;1020;1121.0;8012.0;175.0;3.0;2719134.737;1088068.44;525.0;149;78225.0;21;11025.0;89250.0
14;POINT (719139.7 88035.89999999999);11143438;116a;;Vicolo del Tiglio 1;Maroggia;6817;Maroggia;1020;1121.0;8012.0;149.0;3.0;2719139.75;1088035.8;447.0;149;66603.0;21;9387.0;75990.0
15;POINT (719055.1 88044.8);11143439;118a;;Via Monte Generoso 8;Maroggia;6817;Maroggia;1020;1121.0;8012.0;118.0;2.0;2719055.189;1088044.733;236.0;149;35164.0;21;4956.0;40120.0
16;POINT (719014.8 88247);11143443;131a;;Via ai Molini 16;Maroggia;6817;Maroggia;1020;1122.0;8014.0;181.0;4.0;2719014.86;1088246.91;724.0;131;94844.0;21;15204.0;110048.0
17;POINT (718914.4 88242.89999999999);11143444;139a;;Via ai Molini 6;Maroggia;6817;Maroggia;1020;1110.0;8012.0;102.0;2.0;2718914.419;1088242.871;204.0;149;30396.0;14;2856.0;33252.0
18;POINT (719001.1 88316.8);11143445;146a;;Via ai Molini 73;Maroggia;6817;Maroggia;1030;1122.0;8014.0;242.0;4.0;2719001.19;1088316.733;968.0;131;126808.0;21;20328.0;147136.0
19;POINT (718982.1 88309.8);11143446;147a;;Via ai Molini 67;Maroggia;6817;Maroggia;1020;1121.0;8014.0;190.0;2.0;2718982.19;1088309.734;380.0;131;49780.0;21;7980.0;57760.0
20;POINT (718961.1 88274.8);11143447;473a;;Via Siegfried Bieber 65;Maroggia;6817;Maroggia;1020;1110.0;8013.0;96.0;2.0;2718961.189;1088274.736;192.0;141;27072.0;14;2688.0;29760.0
21;POINT (718857.4 88317.2);11143448;155b;;Via ai Molini 15;Maroggia;6817;Maroggia;1020;1110.0;8013.0;130.0;2.0;2718857.42;1088317.14;260.0;141;36660.0;14;3640.0;40300.0
22;POINT (718867.1 88298.8);11143449;158a;;Via ai Molini 17;Maroggia;6817;Maroggia;1020;1110.0;8012.0;102.0;2.0;2718867.188;1088298.741;204.0;149;30396.0;14;2856.0;33252.0
23;POINT (718828.1 88405.8);11143451;169a;;Vicolo ai Ronchetti 3;Maroggia;6817;Maroggia;1020;1110.0;8015.0;100.0;2.0;2718828.188;1088405.743;200.0;100;20000.0;14;2800.0;22800.0
24;POINT (718818.5 88243.7);11143452;185a;;Viale Baldassarre Longhena 5;Maroggia;6817;Maroggia;1020;1122.0;8011.0;93.0;4.0;2718818.54;1088243.64;372.0;154;57288.0;21;7812.0;65100.0
25;POINT (718822.9 88224.5);11143453;188a;;Viale Baldassarre Longhena 7;Maroggia;6817;Maroggia;1040;1122.0;8012.0;262.0;2.0;2718822.92;1088224.45;524.0;149;78076.0;21;11004.0;89080.0
26;POINT (718850.4 88160.39999999999);11143454;190a;;Viale Baldassarre Longhena 13;Maroggia;6817;Maroggia;1040;1230.0;8011.0;199.0;3.0;2718850.42;1088160.36;597.0;73;43581.0;7;4179.0;47760.0
27;POINT (718771.1 88319.8);11143455;192a;lato Cantonale;Viale Baldassarre Longhena 24;Maroggia;6817;Maroggia;1060;1220.0;8012.0;364.0;3.0;2718771.186;1088319.747;1092.0;157;171444.0;7;7644.0;179088.0
28;POINT (718792.5 88312.2);11143456;193a;;Viale Baldassarre Longhena 28;Maroggia;6817;Maroggia;1020;1110.0;8012.0;138.0;3.0;2718792.565;1088312.11;414.0;149;61686.0;14;5796.0;67482.0
29;POINT (718798.2 88301.89999999999);11143457;194a;;Vicolo Francesco Somaini 3;Maroggia;6817;Maroggia;1020;1121.0;8012.0;78.0;3.0;2718798.27;1088301.82;234.0;149;34866.0;21;4914.0;39780.0
30;POINT (718791.8 88300.60000000001);11143458;196a;;Piazzetta Francesco Somaini 3;Maroggia;6817;Maroggia;1020;1110.0;8012.0;74.0;2.0;2718791.83;1088300.57;148.0;149;22052.0;14;2072.0;24124.0
31;POINT (718778.1 88307.8);11143459;199a;;Piazzetta Francesco Somaini 2;Maroggia;6817;Maroggia;1020;1122.0;8012.0;76.0;3.0;2718778.186;1088307.746;228.0;149;33972.0;21;4788.0;38760.0
32;POINT (718774.1 88298.8);11143460;203a;Casa Larghi;Piazzetta Francesco Somaini 1;Maroggia;6817;Maroggia;1020;1122.0;8011.0;43.0;3.0;2718774.186;1088298.747;129.0;154;19866.0;21;2709.0;22575.0
33;POINT (718795.5 88276.60000000001);11143461;208bc;;Viale Baldassarre Longhena 34;Maroggia;6817;Maroggia;1020;1110.0;8012.0;87.0;2.0;2718795.573;1088276.565;174.0;149;25926.0;14;2436.0;28362.0
34;POINT (718779.1 88289.8);11143462;209a;;Vicolo Francesco Somaini 4;Maroggia;6817;Maroggia;1020;1110.0;8012.0;61.0;2.0;2718779.186;1088289.747;122.0;149;18178.0;14;1708.0;19886.0
35;POINT (718769.1 88277.8);11143463;214a;;Via Tommaso e Giacomo Rodari 12;Maroggia;6817;Maroggia;1020;1110.0;8012.0;36.0;3.0;2718769.186;1088277.747;108.0;149;16092.0;14;1512.0;17604.0
36;POINT (718777.1 88273.8);11143464;215a;;Via Tommaso e Giacomo Rodari 10;Maroggia;6817;Maroggia;1030;1122.0;8011.0;148.0;4.0;2718777.186;1088273.747;592.0;154;91168.0;21;12432.0;103600.0
37;POINT (718791.5 88265.7);11143465;216a;;Viale Baldassarre Longhena 36;Maroggia;6817;Maroggia;1040;1211.0;8012.0;196.0;3.0;2718791.57;1088265.69;588.0;149;87612.0;21;12348.0;99960.0
38;POINT (718778.1 88264.8);11143466;217a;;Via Tommaso e Giacomo Rodari 8;Maroggia;6817;Maroggia;1020;1122.0;8012.0;96.0;3.0;2718778.186;1088264.747;288.0;149;42912.0;21;6048.0;48960.0
39;POINT (718741.5 88272.7);11143468;228a;;Via Tommaso e Giacomo Rodari 13;Maroggia;6817;Maroggia;1020;1121.0;8012.0;57.0;3.0;2718741.529;1088272.604;171.0;149;25479.0;21;3591.0;29070.0
40;POINT (718738.5 88265.89999999999);11143469;229a;;Via Tommaso e Giacomo Rodari 15;Maroggia;6817;Maroggia;1020;1110.0;8011.0;140.0;2.0;2718738.565;1088265.859;280.0;154;43120.0;14;3920.0;47040.0
41;POINT (718741.6 88250.10000000001);11143470;230a;;Via Tommaso e Giacomo Rodari 5;Maroggia;6817;Maroggia;1020;1110.0;8012.0;40.0;3.0;2718741.6;1088250.022;120.0;149;17880.0;14;1680.0;19560.0
42;POINT (718713.1 88288.5);11143471;234a;;Via Tommaso e Giacomo Rodari 22;Maroggia;6817;Maroggia;1020;1121.0;8013.0;117.0;2.0;2718713.11;1088288.4;234.0;141;32994.0;21;4914.0;37908.0
43;POINT (718727.5 88288.5);11143472;236a;236-235-234a;Via Tommaso e Giacomo Rodari 18;Maroggia;6817;Maroggia;1020;1121.0;8013.0;114.0;3.0;2718727.512;1088288.47;342.0;141;48222.0;21;7182.0;55404.0
44;POINT (718729.1 88284.8);11143473;237a;;Via Tommaso e Giacomo Rodari 16;Maroggia;6817;Maroggia;1020;1110.0;8012.0;36.0;3.0;2718729.185;1088284.746;108.0;149;16092.0;14;1512.0;17604.0
45;POINT (718793.1 88223.8);11143475;251a;;Viale Baldassarre Longhena 40;Maroggia;6817;Maroggia;1030;1121.0;8011.0;105.0;3.0;2718793.186;1088223.746;315.0;154;48510.0;21;6615.0;55125.0
46;POINT (718778.3 88227.3);11143476;252a;;Via Tommaso e Giacomo Rodari 1;Maroggia;6817;Maroggia;1020;1110.0;8012.0;139.0;2.0;2718778.296;1088227.257;278.0;149;41422.0;14;3892.0;45314.0
47;POINT (718793.9 88210);11143477;253a;;Viale Baldassarre Longhena 42;Maroggia;6817;Maroggia;1020;1122.0;8011.0;146.0;4.0;2718793.9;1088209.968;584.0;154;89936.0;21;12264.0;102200.0
48;POINT (718805.1 88176.8);11143478;254a;;Viale Baldassarre Longhena 46;Maroggia;6817;Maroggia;1020;1121.0;8013.0;151.0;2.0;2718805.186;1088176.745;302.0;141;42582.0;21;6342.0;48924.0
49;POINT (718818.4 88128.2);11143479;255a;;Viale Baldassarre Longhena 48;Maroggia;6817;Maroggia;1020;1122.0;8012.0;298.0;2.0;2718818.49;1088128.16;596.0;149;88804.0;21;12516.0;101320.0
50;POINT (718783.1 88117.8);11143480;256a;;Via al Lido 4;Maroggia;6817;Maroggia;1020;1122.0;8015.0;322.0;3.0;2718783.185;1088117.742;966.0;100;96600.0;21;20286.0;116886.0
51;POINT (718748.2 88143);11143481;257a;;Via al Lido 6;Maroggia;6817;Maroggia;1020;1122.0;8014.0;276.0;4.0;2718748.25;1088142.96;1104.0;131;144624.0;21;23184.0;167808.0
52;POINT (718688.8 88195.8);11143482;259a;Abitazione da 11 o piu' appartamenti (0);Via al Lido 9;Maroggia;6817;Maroggia;1020;1122.0;8018.0;1900.0;5.0;2718688.81;1088195.79;9500.0;60;570000.0;21;199500.0;769500.0
53;POINT (718842.4 88075.7);11143483;268a;;Quartiere Prà Comun 1;Maroggia;6817;Maroggia;1030;1122.0;8017.0;342.0;3.0;2718842.47;1088075.64;1026.0;76;77976.0;21;21546.0;99522.0
54;POINT (718915.4 88020.5);11143485;274a;Posta;Viale Stazione 10;Maroggia;6817;Maroggia;1040;1122.0;8013.0;438.0;3.0;2718915.49;1088020.45;1314.0;141;185274.0;21;27594.0;212868.0
55;POINT (718953.3 87984.2);11143486;276a;;Viale Stazione 16;Maroggia;6817;Maroggia;1030;1110.0;8013.0;156.0;3.0;2718953.36;1087984.11;468.0;141;65988.0;14;6552.0;72540.0
56;POINT (719060.4 87875.2);11143491;289a;;Viale Stazione 34;Maroggia;6817;Maroggia;1030;1121.0;8014.0;75.0;2.0;2719060.455;1087875.171;150.0;131;19650.0;21;3150.0;22800.0
57;POINT (718990.6 88247);11143492;300a;;Via ai Molini 14;Maroggia;6817;Maroggia;1020;1121.0;8012.0;91.0;2.0;2718990.68;1088246.97;182.0;149;27118.0;21;3822.0;30940.0
58;POINT (718767.5 88099.39999999999);11143493;304a;;Via al Lido 5;Maroggia;6817;Maroggia;1020;1121.0;8012.0;134.0;2.0;2718767.53;1088099.31;268.0;149;39932.0;21;5628.0;45560.0
59;POINT (719095.2 88605.8);11143494;312a;Caa dal piazz;Piazzo frazione 5;Maroggia;6817;Maroggia;1020;1121.0;8011.0;150.0;3.0;2719095.194;1088605.725;450.0;154;69300.0;21;9450.0;78750.0
60;POINT (719033.5 87876.60000000001);11143496;316a;;Viale Stazione 32;Maroggia;6817;Maroggia;1020;1122.0;8016.0;168.0;3.0;2719033.57;1087876.53;504.0;76;38304.0;21;10584.0;48888.0
61;POINT (718842.1 88179);11143497;317a;Abitazione da 3 a 10 appartamenti (656);Viale Baldassarre Longhena 11;Maroggia;6817;Maroggia;1030;1122.0;8013.0;443.0;3.0;2718842.13;1088178.92;1329.0;141;187389.0;21;27909.0;215298.0
62;POINT (718769.9 88045.5);11143498;328a;;Quartiere Prà Comun 6;Maroggia;6817;Maroggia;1020;1110.0;8012.0;162.0;2.0;2718769.978;1088045.417;324.0;149;48276.0;14;4536.0;52812.0
63;POINT (718772.1 88164.8);11143499;331a;;Via al Lido 3;Maroggia;6817;Maroggia;1020;1122.0;8017.0;345.0;3.0;2718772.185;1088164.744;1035.0;76;78660.0;21;21735.0;100395.0
64;POINT (718550.1 88627.8);11143501;334a;;Viale Baldassarre Longhena 10;Maroggia;6817;Maroggia;1020;1110.0;8013.0;46.0;3.0;2718550.185;1088627.753;138.0;141;19458.0;14;1932.0;21390.0
65;POINT (718838.1 88023.3);11143502;348a;;Via Dr. Willy Fröhlich 2;Maroggia;6817;Maroggia;1020;1110.0;8013.0;95.0;1.0;2718838.112;1088023.21;95.0;141;13395.0;14;1330.0;14725.0
66;POINT (718862.6 88064.2);11143503;351a;;Viale Stazione 4;Maroggia;6817;Maroggia;1020;1121.0;8013.0;167.0;3.0;2718862.63;1088064.19;501.0;141;70641.0;21;10521.0;81162.0
67;POINT (718801.1 88202.8);11143504;354a;Abitazione da 3 a 10 appartamenti (420);Viale Baldassarre Longhena 44;Maroggia;6817;Maroggia;1030;1122.0;8012.0;242.0;3.0;2718801.186;1088202.745;726.0;149;108174.0;21;15246.0;123420.0
68;POINT (719041.9 88169.5);11143505;357a;;Via Val Mara 6;Maroggia;6817;Maroggia;1020;1110.0;8013.0;104.0;2.0;2719041.98;1088169.45;208.0;141;29328.0;14;2912.0;32240.0
69;POINT (718818 88066.8);11143506;360a;;Quartiere Prà Comun 2;Maroggia;6817;Maroggia;1020;1121.0;8013.0;126.0;2.0;2718818.02;1088066.75;252.0;141;35532.0;21;5292.0;40824.0
70;POINT (719056.5 88190.5);11143507;371a;;Via Ressiga 2;Maroggia;6817;Maroggia;1020;1122.0;8013.0;142.0;3.0;2719056.57;1088190.479;426.0;141;60066.0;21;8946.0;69012.0
71;POINT (719076.1 87985.5);11143508;373a;;Via Monte Generoso 12;Maroggia;6817;Maroggia;1020;1122.0;8013.0;116.0;3.0;2719076.11;1087985.43;348.0;141;49068.0;21;7308.0;56376.0
72;POINT (719072.5 88158.3);11143509;375a;;Via Ressiga 4;Maroggia;6817;Maroggia;1020;1121.0;8014.0;119.0;2.0;2719072.51;1088158.21;238.0;131;31178.0;21;4998.0;36176.0
73;POINT (718907.1 88323.8);11143510;380a;;Via ai Molini 29;Maroggia;6817;Maroggia;1020;1121.0;8014.0;113.0;2.0;2718907.189;1088323.739;226.0;131;29606.0;21;4746.0;34352.0
74;POINT (718901.8 87908.3);11143511;391a;;Via al Parco 17;Maroggia;6817;Maroggia;1020;1122.0;8015.0;385.0;6.0;2718901.82;1087908.23;2310.0;100;231000.0;21;48510.0;279510.0
75;POINT (718837.5 88435.60000000001);11143512;393a;;Vicolo ai Ronchetti 9;Maroggia;6817;Maroggia;1020;1121.0;8012.0;89.0;2.0;2718837.58;1088435.57;178.0;149;26522.0;21;3738.0;30260.0
76;POINT (718774.1 88309.8);11143514;422a;;Piazzetta Francesco Somaini 1;Maroggia;6817;Maroggia;1020;1110.0;8011.0;14.0;3.0;2718774.186;1088309.747;42.0;154;6468.0;14;588.0;7056.0
77;POINT (719104.5 88059.5);11143515;433a;;Vicolo del Tiglio 3;Maroggia;6817;Maroggia;1020;1110.0;8018.0;91.0;3.0;2719104.51;1088059.44;273.0;60;16380.0;14;3822.0;20202.0
78;POINT (718952.1 88307.2);11143516;436af;;Via Siegfried Bieber 39;Maroggia;6817;Maroggia;1030;1121.0;8013.0;375.0;2.0;2718952.14;1088307.17;750.0;141;105750.0;21;15750.0;121500.0
79;POINT (718840.3 88422.89999999999);11143518;441a;;Vicolo ai Ronchetti 7;Maroggia;6817;Maroggia;1020;1110.0;8018.0;85.0;2.0;2718840.37;1088422.81;170.0;60;10200.0;14;2380.0;12580.0
80;POINT (718836.8 88448.3);11143519;443a;;Via ai Molini 3;Maroggia;6817;Maroggia;1020;1122.0;8018.0;61.0;3.0;2718836.85;1088448.206;183.0;60;10980.0;21;3843.0;14823.0
81;POINT (719002.1 88275.8);11143520;427a;;Via ai Molini 69;Maroggia;6817;Maroggia;1020;1110.0;8014.0;103.0;2.0;2719002.19;1088275.734;206.0;131;26986.0;14;2884.0;29870.0
82;POINT (719002 88605.60000000001);11143521;431a;;Piazzo frazione 3;Maroggia;6817;Maroggia;1020;1110.0;8017.0;113.0;3.0;2719002.01;1088605.52;339.0;76;25764.0;14;4746.0;30510.0
83;POINT (718767.2 88288.89999999999);11143522;211a;;Vicolo Francesco Somaini 2;Maroggia;6817;Maroggia;1020;1110.0;8016.0;47.0;3.0;2718767.29;1088288.86;141.0;76;10716.0;14;1974.0;12690.0
84;POINT (719041.3 88148.60000000001);11143523;362a;;Via Val Mara 5;Maroggia;6817;Maroggia;1020;1110.0;8012.0;68.0;2.0;2719041.346;1088148.501;136.0;149;20264.0;14;1904.0;22168.0
85;POINT (718863.7 88147.60000000001);11143524;191a;;Viale Baldassarre Longhena 15;Maroggia;6817;Maroggia;1020;1110.0;8012.0;123.0;2.0;2718863.73;1088147.59;246.0;149;36654.0;14;3444.0;40098.0
86;POINT (719052.9 88547.10000000001);11143525;55a;;Piazzo frazione 6;Maroggia;6817;Maroggia;1020;1110.0;8013.0;139.0;3.0;2719052.94;1088547.07;417.0;141;58797.0;14;5838.0;64635.0
87;POINT (719031.7 88614.3);11143526;399a;;Piazzo frazione 11;Maroggia;6817;Maroggia;1020;1121.0;8014.0;171.0;2.0;2719031.717;1088614.279;342.0;131;44802.0;21;7182.0;51984.0
88;POINT (719052.9 88150.2);11143527;103a;;Via Ressiga 16;Maroggia;6817;Maroggia;1020;1110.0;8013.0;27.0;2.0;2719052.933;1088150.125;54.0;141;7614.0;14;756.0;8370.0
89;POINT (719080.1 88180.10000000001);11143528;377a;;Via Ressiga 6;Maroggia;6817;Maroggia;1020;1121.0;8017.0;150.0;2.0;2719080.15;1088180.07;300.0;76;22800.0;21;6300.0;29100.0
90;POINT (719039.7 88138.3);11143530;107a;;Via Val Mara 4;Maroggia;6817;Maroggia;1020;1110.0;8012.0;73.0;3.0;2719039.77;1088138.23;219.0;149;32631.0;14;3066.0;35697.0
91;POINT (718747.8 88249.39999999999);11143531;231a;;Via Tommaso e Giacomo Rodari 3;Maroggia;6817;Maroggia;1020;1110.0;8012.0;44.0;3.0;2718747.801;1088249.373;132.0;149;19668.0;14;1848.0;21516.0
92;POINT (719136.4 88651.89999999999);11143532;401a;;Piazzo frazione 13;Maroggia;6817;Maroggia;1020;1110.0;8014.0;142.0;2.0;2719136.41;1088651.87;284.0;131;37204.0;14;3976.0;41180.0
93;POINT (718848.4 88341.39999999999);11143533;159a;;Via ai Molini 13;Maroggia;6817;Maroggia;1020;1110.0;8014.0;161.0;2.0;2718848.43;1088341.38;322.0;131;42182.0;14;4508.0;46690.0
94;POINT (718836.6 88359.89999999999);11143534;315a;;Via ai Molini 9;Maroggia;6817;Maroggia;1020;1110.0;8012.0;99.0;2.0;2718836.63;1088359.81;198.0;149;29502.0;14;2772.0;32274.0
95;POINT (719014.5 88436.5);11143536;48a;;Via al Vallone 2;Maroggia;6817;Maroggia;1020;1110.0;8013.0;100.0;3.0;2719014.56;1088436.48;300.0;141;42300.0;14;4200.0;46500.0
96;POINT (719063.8 88000.89999999999);11143537;406a;;Via Monte Generoso 11;Maroggia;6817;Maroggia;1020;1110.0;8012.0;90.0;2.0;2719063.858;1088000.839;180.0;149;26820.0;14;2520.0;29340.0
97;POINT (718886 88023.7);11143538;277a;;Via Dr. Willy Fröhlich 3;Maroggia;6817;Maroggia;1020;1110.0;8012.0;81.0;2.0;2718886.042;1088023.599;162.0;149;24138.0;14;2268.0;26406.0
98;POINT (719051.4 88020.3);11143539;302a;;Via Monte Generoso 10;Maroggia;6817;Maroggia;1020;1110.0;8015.0;135.0;2.0;2719051.42;1088020.21;270.0;100;27000.0;14;3780.0;30780.0
99;POINT (718918.6 88295.89999999999);11143540;382a;;Via ai Molini 33;Maroggia;6817;Maroggia;1020;1110.0;8014.0;97.0;2.0;2718918.62;1088295.8;194.0;131;25414.0;14;2716.0;28130.0
100;POINT (718812.7 88447.3);11143542;166a;Casa monofamigliare o bifamigliare (267);Via ai Molini 1;Maroggia;6817;Maroggia;1030;1122.0;8014.0;155.0;4.0;2718812.77;1088447.29;620.0;131;81220.0;21;13020.0;94240.0
101;POINT (718792.9 88288.8);11143544;207a;;Viale Baldassarre Longhena 32;Maroggia;6817;Maroggia;1030;1122.0;8011.0;151.0;3.0;2718792.94;1088288.7;453.0;154;69762.0;21;9513.0;79275.0
102;POINT (719078.8 87923.8);11143545;263a;;Viale Stazione 7;Maroggia;6817;Maroggia;1030;1122.0;8013.0;196.0;3.0;2719078.85;1087923.74;588.0;141;82908.0;21;12348.0;95256.0
103;POINT (718760.1 88253.8);11143546;223a;Abitazione da 3 a 10 appartamenti (488);Via Tommaso e Giacomo Rodari 7;Maroggia;6817;Maroggia;1020;1122.0;8011.0;399.0;3.0;2718760.186;1088253.746;1197.0;154;184338.0;21;25137.0;209475.0
104;POINT (718920.7 88248.3);11143547;138a;;Via ai Molini 8;Maroggia;6817;Maroggia;1020;1110.0;8012.0;96.0;2.0;2718920.74;1088248.22;192.0;149;28608.0;14;2688.0;31296.0
105;POINT (718819.5 88432.39999999999);11143550;167a;;Via ai Molini 5;Maroggia;6817;Maroggia;1020;1110.0;8019.0;53.0;2.0;2718819.53;1088432.38;106.0;60;6360.0;14;1484.0;7844.0
106;POINT (718938 87906.89999999999);11143551;390a;;Via al Parco 11;Maroggia;6817;Maroggia;1020;1122.0;8012.0;372.0;5.0;2718938.03;1087906.8;1860.0;149;277140.0;21;39060.0;316200.0
107;POINT (719100.1 88549.10000000001);11169138;383a;;Piazzo frazione 12;Maroggia;6817;Maroggia;1020;1110.0;8014.0;180.0;2.0;2719100.12;1088549.0;360.0;131;47160.0;14;5040.0;52200.0
108;POINT (718678.6 88274.39999999999);11169973;248ab;chiesa;Via Tommaso e Giacomo Rodari 17;Maroggia;6817;Maroggia;1060;1272.0;8012.0;272.0;1.0;2718678.68;1088274.35;272.0;157;42704.0;7;1904.0;44608.0
109;POINT (718438.1 88681.8);11204116;2a;;Viale Baldassarre Longhena 4;Maroggia;6817;Maroggia;1020;1110.0;8013.0;82.0;2.0;2718438.183;1088681.752;164.0;141;23124.0;14;2296.0;25420.0
110;POINT (718766.1 88283.8);11204130;212a;;Via Tommaso e Giacomo Rodari 14;Maroggia;6817;Maroggia;1020;1110.0;8013.0;22.0;2.0;2718766.186;1088283.747;44.0;141;6204.0;14;616.0;6820.0
111;POINT (718804.9 88421.7);11204135;168a;(e 440);Vicolo ai Ronchetti 5;Maroggia;6817;Maroggia;1020;1110.0;8013.0;67.0;3.0;2718804.96;1088421.69;201.0;141;28341.0;14;2814.0;31155.0
112;POINT (718457.6 88673.3);11204146;308a;;Viale Baldassarre Longhena 6;Maroggia;6817;Maroggia;1020;1110.0;8012.0;53.0;3.0;2718457.654;1088673.271;159.0;149;23691.0;14;2226.0;25917.0
113;POINT (718538.1 88629.8);11204148;327a;;Viale Baldassarre Longhena 8;Maroggia;6817;Maroggia;1020;1110.0;8013.0;81.0;2.0;2718538.185;1088629.753;162.0;141;22842.0;14;2268.0;25110.0
114;POINT (718849.9 87871.3);11204152;336a;;Via al Parco 19;Maroggia;6817;Maroggia;1020;1110.0;8013.0;55.0;3.0;2718849.96;1087871.21;165.0;141;23265.0;14;2310.0;25575.0
115;POINT (718815.4 88049.10000000001);11204153;337a;;Quartiere Prà Comun 4;Maroggia;6817;Maroggia;1020;1110.0;8013.0;100.0;1.0;2718815.4;1088049.07;100.0;141;14100.0;14;1400.0;15500.0
116;POINT (718789.1 88025.60000000001);11204154;339a;;Quartiere Prà Comun 7;Maroggia;6817;Maroggia;1020;1110.0;8013.0;139.0;2.0;2718789.15;1088025.54;278.0;141;39198.0;14;3892.0;43090.0
117;POINT (718721.7 87992.39999999999);11204155;342a;;Quartiere Prà Comun 17;Maroggia;6817;Maroggia;1020;1110.0;8014.0;191.0;1.0;2718721.74;1087992.32;191.0;131;25021.0;14;2674.0;27695.0
118;POINT (718754.1 87958.8);11204157;344a;;Quartiere Prà Comun 19;Maroggia;6817;Maroggia;1020;1110.0;8013.0;168.0;1.0;2718754.15;1087958.75;168.0;141;23688.0;14;2352.0;26040.0
119;POINT (718828.3 88034.10000000001);11204158;347a;;Quartiere Prà Comun 5;Maroggia;6817;Maroggia;1020;1110.0;8013.0;105.0;1.0;2718828.37;1088034.01;105.0;141;14805.0;14;1470.0;16275.0
120;POINT (718776.8 87991.5);11204160;350a;;Quartiere Prà Comun 11;Maroggia;6817;Maroggia;1020;1110.0;8012.0;92.0;1.0;2718776.8;1087991.485;92.0;149;13708.0;14;1288.0;14996.0
121;POINT (718801.1 88061.8);11204163;353a;;Quartiere Prà Comun 3;Maroggia;6817;Maroggia;1020;1110.0;8013.0;119.0;1.0;2718801.185;1088061.741;119.0;141;16779.0;14;1666.0;18445.0
122;POINT (718766.1 88005.8);11204164;356a;;Quartiere Prà Comun 12;Maroggia;6817;Maroggia;1020;1110.0;8013.0;102.0;1.0;2718766.184;1088005.739;102.0;141;14382.0;14;1428.0;15810.0
123;POINT (718808.2 87998.10000000001);11204165;358a;;Quartiere Prà Comun 9;Maroggia;6817;Maroggia;1020;1110.0;8013.0;117.0;1.0;2718808.25;1087998.05;117.0;141;16497.0;14;1638.0;18135.0
124;POINT (718765.2 87949.3);11204166;359a;;Quartiere Prà Comun 20;Maroggia;6817;Maroggia;1020;1110.0;8013.0;154.0;1.0;2718765.255;1087949.278;154.0;141;21714.0;14;2156.0;23870.0
125;POINT (718784.7 88260.5);11204169;407a;;Via Tommaso e Giacomo Rodari 6;Maroggia;6817;Maroggia;1020;1110.0;8012.0;41.0;3.0;2718784.704;1088260.467;123.0;149;18327.0;14;1722.0;20049.0
126;POINT (718790.4 87975.8);11204171;432a;;Quartiere Prà Comun 10;Maroggia;6817;Maroggia;1020;1110.0;8013.0;92.0;1.0;2718790.451;1087975.721;92.0;141;12972.0;14;1288.0;14260.0
127;POINT (718725.9 88270.8);11228584;232a;Parrocchia;Via Tommaso e Giacomo Rodari 17;Maroggia;6817;Maroggia;1030;1110.0;8012.0;38.0;1.0;2718725.94;1088270.79;38.0;149;5662.0;14;532.0;6194.0
128;POINT (718801.9 88014);11228586;269a;senza # civico - propr. identico al 358;Quartiere Prà Comun ;Maroggia;6817;Maroggia;1020;1110.0;8011.0;72.0;1.0;2718801.951;1088013.961;72.0;154;11088.0;14;1008.0;12096.0
129;POINT (718780.1 88284);11228588;291a;Corte;Via Tommaso e Giacomo Rodari 14;Maroggia;6817;Maroggia;1020;1110.0;8012.0;35.0;1.0;2718780.156;1088283.911;35.0;149;5215.0;14;490.0;5705.0
130;POINT (718727.8 88303.8);11228590;402a;;Viale Baldassarre Longhena 24;Maroggia;6817;Maroggia;1030;1122.0;8011.0;1222.0;3.0;2718727.83;1088303.78;3666.0;154;564564.0;21;76986.0;641550.0
131;POINT (718773.1 88289.8);190073615;210a;Rustico;Vicolo Francesco Somaini 2;Maroggia;6817;Maroggia;1020;1110.0;8011.0;31.0;4.0;2718773.186;1088289.747;124.0;154;19096.0;14;1736.0;20832.0
132;POINT (718560.1 88623.8);190098004;335a;;Viale Baldassarre Longhena 12;Maroggia;6817;Maroggia;1030;1110.0;8013.0;70.0;3.0;2718560.185;1088623.753;210.0;141;29610.0;14;2940.0;32550.0
133;POINT (719373.6 88719);190112767;70a;AIL;Via Val Mara 11;Maroggia;6817;Maroggia;1060;1251.0;8011.0;517.0;2.0;2719373.6;1088718.96;1034.0;128;132352.0;1;1034.0;133386.0
134;POINT (718751.1 88023.8);190132838;349a;;Quartiere Prà Comun 13;Maroggia;6817;Maroggia;1020;1110.0;8014.0;102.0;2.0;2718751.184;1088023.739;204.0;131;26724.0;14;2856.0;29580.0
135;POINT (718778.1 88247.8);190155292;221a;;Via Tommaso e Giacomo Rodari 2;Maroggia;6817;Maroggia;1020;1110.0;8013.0;111.0;3.0;2718778.186;1088247.746;333.0;141;46953.0;14;4662.0;51615.0
136;POINT (718730.6 88093.2);190166152;260b;;Via al Lido 7;Maroggia;6817;Maroggia;1020;1122.0;8022.0;317.0;3.0;2718730.65;1088093.17;951.0;14;13314.0;21;19971.0;33285.0
137;POINT (718695.1 88108.5);190166154;260a;;Via al Lido 8;Maroggia;6817;Maroggia;1020;1122.0;8022.0;719.0;3.0;2718695.1;1088108.41;2157.0;14;30198.0;21;45297.0;75495.0
138;POINT (718731.1 88031.8);190166419;352a;Blocco 1;Quartiere Prà Comun 14;Maroggia;6817;Maroggia;1020;1121.0;8011.0;267.0;3.0;2718731.183;1088031.739;801.0;154;123354.0;21;16821.0;140175.0
139;POINT (719030.1 88044.5);190193485;124b;;Via Monte Generoso 3;Maroggia;6817;Maroggia;1030;1110.0;8012.0;152.45210727969348;3.0;2719030.16;1088044.4;457.35632183908046;149;68146.091954023;14;6402.9885057471265;74549.08045977012
140;POINT (718846.1 88373.5);190201343;474a;garage;Vicolo ai Ronchetti 2;Maroggia;6817;Maroggia;1060;1122.0;8013.0;214.0;1.0;2718846.17;1088373.46;214.0;141;30174.0;21;4494.0;34668.0
141;POINT (718706.1 88014.8);190211581;343a;;Quartiere Prà Comun 16;Maroggia;6817;Maroggia;1020;1110.0;8022.0;295.0;2.0;2718706.183;1088014.738;590.0;14;8260.0;14;8260.0;16520.0
142;POINT (718966.7 88528.3);190902629;46a;;Piazzo frazione 2;Maroggia;6817;Maroggia;1020;1110.0;8011.0;70.0;1.0;2718966.77;1088528.25;70.0;154;10780.0;14;980.0;11760.0
143;POINT (718767.1 88296.8);191182990;204a;;Vicolo Francesco Somaini 1;Maroggia;6817;Maroggia;1060;1122.0;8011.0;15.0;2.0;2718767.186;1088296.747;30.0;154;4620.0;21;630.0;5250.0
144;POINT (719015.5 88571.39999999999);191183030;58a;rustico;Piazzo frazione 4;Maroggia;6817;Maroggia;1060;1122.0;8013.0;48.0;2.0;2719015.54;1088571.38;96.0;141;13536.0;21;2016.0;15552.0
145;POINT (719219.1 88269.10000000001);191183050;79b;Grotto;Via Val Mara 7;Maroggia;6817;Maroggia;1060;1122.0;8013.0;50.0;2.0;2719219.16;1088269.05;100.0;141;14100.0;21;2100.0;16200.0
146;POINT (719254.3 88304.3);191183053;83a;Magazzino;Via Val Mara 8;Maroggia;6817;Maroggia;1060;1252.0;8013.0;104.0;2.0;2719254.33;1088304.22;208.0;0;0.0;0;0.0;0.0
147;POINT (718889.4 88300);191184110;156a;;Via ai Molini 23;Maroggia;6817;Maroggia;1060;1122.0;8014.0;240.0;1.0;2718889.45;1088299.99;240.0;131;31440.0;21;5040.0;36480.0
148;POINT (719038.3 87910.2);191193032;286a;Ristorante Stazione;Viale Stazione 28;Maroggia;6817;Maroggia;1040;1212.0;8013.0;256.0;2.0;2719038.34;1087910.15;512.0;141;72192.0;21;10752.0;82944.0
149;POINT (719200.4 88055.60000000001);191283972;460a;sub a e b;Via alle Cantine 3;Maroggia;6817;Maroggia;1020;1110.0;8013.0;99.0;2.0;2719200.452;1088055.566;198.0;141;27918.0;14;2772.0;30690.0
150;POINT (718846 88390.60000000001);191292835;301a;;Vicolo ai Ronchetti 4;Maroggia;6817;Maroggia;1020;1110.0;8023.0;115.0;2.0;2718846.09;1088390.55;230.0;14;3220.0;14;3220.0;6440.0
151;POINT (718807.6 88417.2);191511872;440a;;Vicolo ai Ronchetti 5;Maroggia;6817;Maroggia;1020;1110.0;8017.0;27.0;2.0;2718807.69;1088417.195;54.0;76;4104.0;14;756.0;4860.0
152;POINT (718934.9 87971.8);191655896;276b;Stabile B;Viale Stazione 16;Maroggia;6817;Maroggia;1060;1220.0;8013.0;145.0;2.0;2718934.95;1087971.77;290.0;123;35670.0;7;2030.0;37700.0
153;POINT (719086.6 88600.3);191658131;311a;Edificio nuovo 311;Piazzo frazione 5;Maroggia;6817;Maroggia;1020;1121.0;8022.0;83.0;2.0;2719086.68;1088600.22;166.0;14;2324.0;21;3486.0;5810.0
154;POINT (718785.6 88179.5);191753871;354b;Autorimessa;Viale Baldassarre Longhena 44;Maroggia;6817;Maroggia;1060;1242.0;8014.0;44.0;1.0;2718785.63;1088179.49;44.0;0;0.0;0;0.0;0.0
155;POINT (718859.8 87892.5);191841760;336b;Autorimessa;Via al Parco ;Maroggia;6817;Maroggia;1060;1242.0;8018.0;48.0;1.0;2718859.825;1087892.471;48.0;0;0.0;0;0.0;0.0
156;POINT (719096.6 88107.60000000001);191841761;112b;Grottino;Vicolo del Tiglio ;Maroggia;6817;Maroggia;1060;1274.0;8013.0;62.0;1.0;2719096.648;1088107.553;62.0;0;0.0;0;0.0;0.0
157;POINT (718705.2 87981.10000000001);191841762;342b;Darsena coperta;Quartiere Prà Comun ;Maroggia;6817;Maroggia;1060;1242.0;8014.0;45.0;1.0;2718705.259;1087981.082;45.0;0;0.0;0;0.0;0.0
158;POINT (718736.2 88164.89999999999);191841763;257b;Autorimessa;Via al Lido ;Maroggia;6817;Maroggia;1060;1242.0;8014.0;139.0;1.0;2718736.277;1088164.883;139.0;0;0.0;0;0.0;0.0
159;POINT (718758.5 88222.2);191841764;444a;Deposito;Via al Lido ;Maroggia;6817;Maroggia;1060;1252.0;8018.0;66.0;1.0;2718758.513;1088222.098;66.0;0;0.0;0;0.0;0.0
160;POINT (718877.7 88318.10000000001);191841765;155a;Deposito;Via ai Molini ;Maroggia;6817;Maroggia;1060;1252.0;8012.0;209.0;2.0;2718877.738;1088318.088;418.0;0;0.0;0;0.0;0.0
161;POINT (719005.9 88034.5);191841766;124c;Deposito;Via Monte Generoso ;Maroggia;6817;Maroggia;1060;1252.0;8013.0;156.0;1.0;2719005.916;1088034.455;156.0;0;0.0;0;0.0;0.0
162;POINT (718893.4 88000.10000000001);191841767;278b;Autorimessa;Via Dr. Willy Fröhlich ;Maroggia;6817;Maroggia;1060;1242.0;8014.0;61.0;1.0;2718893.408;1088000.003;61.0;0;0.0;0;0.0;0.0
163;POINT (718875.2 87984.89999999999);191841768;480a;;Via al Parco ;Maroggia;6817;Maroggia;1060;1274.0;8012.0;342.0;3.0;2718875.231;1087984.882;1026.0;0;0.0;0;0.0;0.0
164;POINT (718672.1 88423.39999999999);191841770;472b;;Viale Baldassarre Longhena ;Maroggia;6817;Maroggia;1060;1274.0;8013.0;43.0;2.0;2718672.152;1088423.31;86.0;0;0.0;0;0.0;0.0
165;POINT (718865.3 88328.60000000001);191841771;155c;Autorimessa;Via ai Molini ;Maroggia;6817;Maroggia;1060;1242.0;8013.0;50.0;1.0;2718865.32;1088328.572;50.0;0;0.0;0;0.0;0.0
166;POINT (719040.8 87959);191841772;263b;Erogatore acqua potabile;Viale Stazione 5;Maroggia;6817;Maroggia;1060;1251.0;8013.0;122.0;2.0;2719040.856;1087958.968;244.0;128;31232.0;1;244.0;31476.0
167;POINT (718898.1 88231.60000000001);191841773;143g;Autorimessa;Via ai Molini ;Maroggia;6817;Maroggia;1060;1242.0;8013.0;97.0;1.0;2718898.091;1088231.585;97.0;0;0.0;0;0.0;0.0
168;POINT (719419.1 88760.60000000001);191841774;83b;Deposito stand di tiro;Via Val Mara ;Maroggia;6817;Maroggia;1060;1252.0;8013.0;48.0;1.0;2719419.163;1088760.536;48.0;0;0.0;0;0.0;0.0
169;POINT (718825.4 87986);191841775;283d;Autorimessa;Via Dr. Willy Fröhlich ;Maroggia;6817;Maroggia;1060;1242.0;8014.0;93.0;1.0;2718825.409;1087985.911;93.0;0;0.0;0;0.0;0.0
170;POINT (719102.3 88008.5);191841776;117b;Osteria;Via Ressiga ;Maroggia;6817;Maroggia;1060;1211.0;8017.0;124.0;1.0;2719102.311;1088008.469;124.0;76;9424.0;21;2604.0;12028.0
171;POINT (719035.2 88280.10000000001);191841777;146c;Autorimessa;Via ai Molini ;Maroggia;6817;Maroggia;1060;1242.0;8018.0;66.0;1.0;2719035.219;1088280.003;66.0;0;0.0;0;0.0;0.0
172;POINT (718909.4 87963.3);191841778;276c;Capanno attrezzi;Viale Stazione ;Maroggia;6817;Maroggia;1060;1252.0;8013.0;69.0;1.0;2718909.479;1087963.222;69.0;0;0.0;0;0.0;0.0
173;POINT (718570.3 88680.7);191841779;7a;;Viale Baldassarre Longhena ;Maroggia;6817;Maroggia;1060;1272.0;8011.0;130.0;1.0;2718570.346;1088680.653;130.0;157;20410.0;7;910.0;21320.0
174;POINT (719208.3 88265.39999999999);191841780;79a;;Via Val Mara ;Maroggia;6817;Maroggia;1060;1274.0;8018.0;78.0;1.0;2719208.352;1088265.386;78.0;0;0.0;0;0.0;0.0
175;POINT (719066.2 88106.7);191841781;110b;Magazzino;Via Val Mara ;Maroggia;6817;Maroggia;1060;1252.0;8019.0;100.0;1.0;2719066.23;1088106.62;100.0;0;0.0;0;0.0;0.0
176;POINT (718966.7 88076.60000000001);191841782;125a;Deposito;Via Monte Generoso 1;Maroggia;6817;Maroggia;1060;1252.0;8013.0;102.0;1.0;2718966.783;1088076.519;102.0;0;0.0;0;0.0;0.0
177;POINT (719071.8 88560.2);191841783;59a;;Piazzo frazione ;Maroggia;6817;Maroggia;1060;1274.0;8020.0;36.0;1.0;2719071.85;1088560.103;36.0;0;0.0;0;0.0;0.0
178;POINT (718904.8 88146.39999999999);191841784;143d;Autorimessa;Via ai Molini ;Maroggia;6817;Maroggia;1060;1242.0;8019.0;141.0;1.0;2718904.81;1088146.393;141.0;0;0.0;0;0.0;0.0
179;POINT (718973.1 88109.2);191841785;127a;Carpenteria;Via Val Mara ;Maroggia;6817;Maroggia;1060;1251.0;8022.0;325.0;1.0;2718973.139;1088109.141;325.0;56;18200.0;1;325.0;18525.0
180;POINT (718669.4 88068.60000000001);191841786;261a;Bar e servizi lido comunale;Via al Lido ;Maroggia;6817;Maroggia;1060;1274.0;8014.0;74.0;1.0;2718669.442;1088068.564;74.0;0;0.0;0;0.0;0.0
181;POINT (718671 88429.60000000001);191841787;472c;Ripostiglio;Viale Baldassarre Longhena ;Maroggia;6817;Maroggia;1060;1252.0;8013.0;36.0;1.0;2718671.004;1088429.595;36.0;0;0.0;0;0.0;0.0
182;POINT (718755.3 88121.10000000001);191841788;304b;Autorimessa;Via al Lido ;Maroggia;6817;Maroggia;1060;1242.0;8013.0;47.0;1.0;2718755.332;1088121.085;47.0;0;0.0;0;0.0;0.0
183;POINT (719008.2 88119.39999999999);191841789;110a;Magazzino;Via Val Mara 3;Maroggia;6817;Maroggia;1060;1252.0;8019.0;136.0;1.0;2719008.258;1088119.388;136.0;0;0.0;0;0.0;0.0
184;POINT (719113.1 88236.89999999999);191931224;97c;Autorimessa;Via Val Mara ;Maroggia;6817;Maroggia;1060;1242.0;8013.0;14.0;1.0;2719113.115;1088236.814;14.0;0;0.0;0;0.0;0.0
185;POINT (719032.8 88567.60000000001);191931225;58b;Ripostiglio;Piazzo frazione ;Maroggia;6817;Maroggia;1060;1252.0;8013.0;12.0;1.0;2719032.792;1088567.498;12.0;0;0.0;0;0.0;0.0
186;POINT (719189.9 88572);191931227;60b;;Piazzo frazione ;Maroggia;6817;Maroggia;1060;1252.0;8018.0;25.0;2.0;2719189.971;1088571.948;50.0;0;0.0;0;0.0;0.0
187;POINT (719116.7 88232.8);191931228;97a;Autorimessa;Via Val Mara ;Maroggia;6817;Maroggia;1060;1242.0;8012.0;35.0;1.0;2719116.747;1088232.714;35.0;0;0.0;0;0.0;0.0
188;POINT (719023.2 88422.60000000001);191931229;48b;;Via al Vallone ;Maroggia;6817;Maroggia;1060;1122.0;8013.0;14.0;2.0;2719023.24;1088422.559;28.0;141;3948.0;21;588.0;4536.0
189;POINT (718846.4 87886.2);191931231;284b;;Via al Parco ;Maroggia;6817;Maroggia;1060;1274.0;8013.0;23.0;1.0;2718846.448;1087886.178;23.0;0;0.0;0;0.0;0.0
190;POINT (718986.7 88593.3);191931232;31b;;Piazzo frazione ;Maroggia;6817;Maroggia;1060;1242.0;8013.0;28.0;1.0;2718986.712;1088593.269;28.0;0;0.0;0;0.0;0.0
191;POINT (718717.2 88454.10000000001);191931233;472f;;Viale Baldassarre Longhena ;Maroggia;6817;Maroggia;1060;1241.0;8013.0;8.0;2.0;2718717.221;1088454.075;16.0;0;0.0;0;0.0;0.0
192;POINT (718828.4 88242.2);191931234;185b;;Viale Baldassarre Longhena ;Maroggia;6817;Maroggia;1060;1122.0;8013.0;18.0;2.0;2718828.417;1088242.172;36.0;141;5076.0;21;756.0;5832.0
193;POINT (718989.7 88460.10000000001);191931235;45b;;Via al Vallone ;Maroggia;6817;Maroggia;1060;1252.0;8013.0;18.0;1.0;2718989.781;1088460.024;18.0;0;0.0;0;0.0;0.0
194;POINT (718856.7 88041.60000000001);191931236;351b;Autorimessa;Viale Stazione ;Maroggia;6817;Maroggia;1060;1242.0;8013.0;27.0;1.0;2718856.778;1088041.56;27.0;0;0.0;0;0.0;0.0
195;POINT (718780.6 88470.7);191931237;16a;;Via ai Molini ;Maroggia;6817;Maroggia;1060;1252.0;8013.0;10.0;1.0;2718780.605;1088470.624;10.0;0;0.0;0;0.0;0.0
196;POINT (718910.7 88333);191931238;380c;Ripostiglio;Via ai Molini ;Maroggia;6817;Maroggia;1060;1252.0;8015.0;8.0;1.0;2718910.72;1088332.896;8.0;0;0.0;0;0.0;0.0
197;POINT (719063.3 88012.10000000001);191931239;406b;;Via Monte Generoso ;Maroggia;6817;Maroggia;1060;1242.0;8012.0;31.0;1.0;2719063.315;1088012.082;31.0;0;0.0;0;0.0;0.0
198;POINT (719056.6 88154.8);191931240;375b;Autorimessa;Via Ressiga ;Maroggia;6817;Maroggia;1060;1242.0;8013.0;29.0;1.0;2719056.607;1088154.717;29.0;0;0.0;0;0.0;0.0
199;POINT (719156.8 88994.8);191931241;62a;;Piazzo frazione ;Maroggia;6817;Maroggia;1060;1252.0;8013.0;24.0;1.0;2719156.792;1088994.795;24.0;0;0.0;0;0.0;0.0
200;POINT (718480.5 88694.39999999999);191931242;365a;;Viale Baldassarre Longhena ;Maroggia;6817;Maroggia;1060;1242.0;8013.0;35.0;1.0;2718480.575;1088694.34;35.0;0;0.0;0;0.0;0.0
201;POINT (718873.8 88135.10000000001);191931243;191b;;Viale Baldassarre Longhena ;Maroggia;6817;Maroggia;1060;1252.0;8013.0;14.0;1.0;2718873.795;1088135.061;14.0;0;0.0;0;0.0;0.0
202;POINT (718885.5 88314.5);191931244;380b;Autorimessa;Via ai Molini ;Maroggia;6817;Maroggia;1060;1242.0;8013.0;25.0;1.0;2718885.499;1088314.437;25.0;0;0.0;0;0.0;0.0
203;POINT (719075 87997.10000000001);191931245;373b;;Via Monte Generoso ;Maroggia;6817;Maroggia;1060;1122.0;8013.0;11.0;2.0;2719075.034;1087997.064;22.0;141;3102.0;21;462.0;3564.0
204;POINT (719107.9 88240.39999999999);191931246;97b;Cabina di trasformazione;Via Val Mara ;Maroggia;6817;Maroggia;1060;1274.0;8012.0;35.0;1.0;2719107.918;1088240.352;35.0;0;0.0;0;0.0;0.0
205;POINT (719167.8 88027.5);191931247;395a;Cabina trasformazione;Via Ressiga ;Maroggia;6817;Maroggia;1060;1274.0;8012.0;8.0;1.0;2719167.843;1088027.447;8.0;0;0.0;0;0.0;0.0
206;POINT (718923.1 87908.60000000001);191931249;390b;;Via al Parco ;Maroggia;6817;Maroggia;1060;1122.0;8013.0;32.0;2.0;2718923.127;1087908.534;64.0;141;9024.0;21;1344.0;10368.0
207;POINT (718669.1 88451.89999999999);191931250;174b;;Viale Baldassarre Longhena ;Maroggia;6817;Maroggia;1060;1122.0;8013.0;21.0;2.0;2718669.125;1088451.863;42.0;141;5922.0;21;882.0;6804.0
208;POINT (718820.2 88384.5);191931251;170a;;Via ai Molini ;Maroggia;6817;Maroggia;1060;1252.0;8013.0;24.0;1.0;2718820.272;1088384.41;24.0;0;0.0;0;0.0;0.0
209;POINT (718664.2 88127);191931252;485a;;Via al Lido ;Maroggia;6817;Maroggia;1060;1241.0;8013.0;32.0;1.0;2718664.267;1088126.994;32.0;0;0.0;0;0.0;0.0
210;POINT (718994.4 88622.8);191931253;31c;;Piazzo frazione ;Maroggia;6817;Maroggia;1060;1252.0;8013.0;21.0;2.0;2718994.48;1088622.749;42.0;0;0.0;0;0.0;0.0
211;POINT (719014.8 87980.60000000001);191931254;263d;Autorimessa;Viale Stazione ;Maroggia;6817;Maroggia;1060;1242.0;8013.0;14.0;1.0;2719014.794;1087980.544;14.0;0;0.0;0;0.0;0.0
212;POINT (718865.9 88335.89999999999);191931255;159b;Autorimessa;Via ai Molini ;Maroggia;6817;Maroggia;1060;1242.0;8013.0;31.0;1.0;2718865.948;1088335.895;31.0;0;0.0;0;0.0;0.0
213;POINT (718818.3 88017);191931256;347b;;Quartiere Prà Comun ;Maroggia;6817;Maroggia;1060;1242.0;8013.0;20.0;1.0;2718818.378;1088016.916;20.0;0;0.0;0;0.0;0.0
214;POINT (718817.6 87996.89999999999);191931257;358b;;Quartiere Prà Comun ;Maroggia;6817;Maroggia;1060;1242.0;8013.0;24.0;1.0;2718817.619;1087996.821;24.0;0;0.0;0;0.0;0.0
215;POINT (719157.4 88210.5);191931259;97d;Edificio cimiteriale;Via Val Mara ;Maroggia;6817;Maroggia;1060;1272.0;8013.0;12.0;1.0;2719157.413;1088210.493;12.0;123;1476.0;7;84.0;1560.0
216;POINT (718680.4 87998.2);191931260;343b;;Quartiere Prà Comun ;Maroggia;6817;Maroggia;1060;1122.0;8013.0;20.0;2.0;2718680.403;1087998.128;40.0;141;5640.0;21;840.0;6480.0
217;POINT (718992.1 88114.3);191931261;125c;;Via Monte Generoso ;Maroggia;6817;Maroggia;1060;1252.0;8017.0;8.0;1.0;2718992.128;1088114.23;8.0;0;0.0;0;0.0;0.0
218;POINT (718990.6 88570.7);191931262;57a;;Piazzo frazione ;Maroggia;6817;Maroggia;1060;1271.0;8013.0;7.0;1.0;2718990.658;1088570.613;7.0;0;0.0;0;0.0;0.0
219;POINT (719060.8 88093.60000000001);191931263;110c;;Via Val Mara ;Maroggia;6817;Maroggia;1060;1252.0;8019.0;35.0;1.0;2719060.834;1088093.5;35.0;0;0.0;0;0.0;0.0
220;POINT (718994 88599.2);191931264;431b;Autorimessa;Piazzo frazione ;Maroggia;6817;Maroggia;1060;1242.0;8013.0;28.0;1.0;2718994.018;1088599.149;28.0;0;0.0;0;0.0;0.0
221;POINT (718833.3 87905.2);191931265;284c;;Via al Parco ;Maroggia;6817;Maroggia;1060;1122.0;8013.0;20.0;2.0;2718833.309;1087905.131;40.0;141;5640.0;21;840.0;6480.0
222;POINT (718781 88350.7);191931266;472d;;Viale Baldassarre Longhena ;Maroggia;6817;Maroggia;1060;1252.0;8013.0;32.0;1.0;2718780.993;1088350.627;32.0;0;0.0;0;0.0;0.0
223;POINT (719280.5 88420.89999999999);191931267;71a;;Via Val Mara ;Maroggia;6817;Maroggia;1060;1252.0;8013.0;17.0;1.0;2719280.526;1088420.802;17.0;0;0.0;0;0.0;0.0
224;POINT (719012.6 87982.5);191931268;263c;Autorimessa;Viale Stazione ;Maroggia;6817;Maroggia;1060;1242.0;8013.0;14.0;1.0;2719012.603;1087982.433;14.0;0;0.0;0;0.0;0.0
225;POINT (718961.4 88542.60000000001);191931269;46b;;Piazzo frazione ;Maroggia;6817;Maroggia;1060;1252.0;8013.0;25.0;1.0;2718961.427;1088542.526;25.0;0;0.0;0;0.0;0.0
226;POINT (719110.6 88682.8);191931270;35a;;Piazzo frazione ;Maroggia;6817;Maroggia;1060;1271.0;8013.0;18.0;1.0;2719110.64;1088682.74;18.0;0;0.0;0;0.0;0.0
227;POINT (718926.7 88301.3);191931271;382b;Ripostiglio;Via ai Molini ;Maroggia;6817;Maroggia;1060;1252.0;8013.0;21.0;1.0;2718926.744;1088301.227;21.0;0;0.0;0;0.0;0.0
228;POINT (719015.1 87930.8);191952680;;;Viale Stazione ;Maroggia;6817;Maroggia;1020;1110.0;8013.0;124.0;2.0;2719015.187;1087930.736;248.0;141;34968.0;14;3472.0;38440.0
229;POINT (718658.1 88420.8);191954700;472a;Darsena coperta (0);Viale Baldassarre Longhena ;Maroggia;6817;Maroggia;1060;1274.0;8013.0;93.0;1.0;2718658.185;1088420.749;93.0;0;0.0;0;0.0;0.0
230;POINT (718890.1 87811.8);191954717;396b;Darsena coperta;Via al Parco ;Maroggia;6817;Maroggia;1060;1274.0;8015.0;128.0;1.0;2718890.184;1087811.735;128.0;0;0.0;0;0.0;0.0
231;POINT (718980.1 88243.8);191954721;300b;Deposito;Via ai Molini ;Maroggia;6817;Maroggia;1060;1252.0;8021.0;53.0;1.0;2718980.189;1088243.735;53.0;0;0.0;0;0.0;0.0
232;POINT (718806.1 87932.8);191954723;283b;Ripostiglio;Via Dr. Willy Fröhlich ;Maroggia;6817;Maroggia;1060;1252.0;8018.0;42.0;1.0;2718806.184;1087932.737;42.0;0;0.0;0;0.0;0.0
233;POINT (718892.1 88206.8);191954727;143f;Deposito (0);Via ai Molini ;Maroggia;6817;Maroggia;1060;1252.0;8013.0;119.0;1.0;2718892.187;1088206.741;119.0;0;0.0;0;0.0;0.0
234;POINT (718886.1 88219.8);191954728;143e;Deposito (0);Via ai Molini ;Maroggia;6817;Maroggia;1060;1252.0;8013.0;128.0;1.0;2718886.187;1088219.741;128.0;0;0.0;0;0.0;0.0
235;POINT (718881.1 88241.8);274002620;143a;Mulino di Maroggia;Via ai Molini 2;Maroggia;6817;Maroggia;1060;1251.0;8011.0;1375.0;3.0;2718881.187;1088241.741;4125.0;128;528000.0;1;4125.0;532125.0
236;POINT (719019.1 87894.8);274002629;286b;;Viale Stazione 26;Maroggia;6817;Maroggia;1020;1121.0;8011.0;256.0;2.0;2719019.187;1087894.737;512.0;154;78848.0;21;10752.0;89600.0
237;POINT (719083.2 88005.10000000001);274002631;122a;;Via Ressiga 32;Maroggia;6817;Maroggia;1060;1230.0;8013.0;380.0;1.0;2719083.27;1088005.06;380.0;73;27740.0;7;2660.0;30400.0
238;POINT (719136.4 87983.2);274002634;446a;;Via Ressiga 3;Maroggia;6817;Maroggia;1030;1110.0;8014.0;273.0;2.0;2719136.47;1087983.19;546.0;131;71526.0;14;7644.0;79170.0
239;POINT (719076 88101.10000000001);274002636;111a;;Via Ressiga 22;Maroggia;6817;Maroggia;1060;1122.0;8011.0;115.0;1.0;2719076.02;1088101.07;115.0;154;17710.0;21;2415.0;20125.0
240;POINT (718935.1 88111.39999999999);274002640;127b;;Via Val Mara 1;Maroggia;6817;Maroggia;1060;1251.0;8020.0;127.0;1.0;2718935.13;1088111.37;127.0;56;7112.0;1;127.0;7239.0
241;POINT (718421.1 88692.8);274002643;374a;;Viale Baldassarre Longhena 2;Maroggia;6817;Maroggia;1020;1110.0;8011.0;66.0;2.0;2718421.183;1088692.752;132.0;154;20328.0;14;1848.0;22176.0
242;POINT (718883.6 88048.2);274002665;270a;Casa Comunale;Viale Stazione 6;Maroggia;6817;Maroggia;1060;1220.0;8011.0;358.0;2.0;2718883.62;1088048.19;716.0;157;112412.0;7;5012.0;117424.0
243;POINT (718671.1 88527.8);274004756;174a;;Viale Baldassarre Longhena 18;Maroggia;6817;Maroggia;1020;1122.0;8020.0;1292.0;3.0;2718671.186;1088527.75;3876.0;16;62016.0;21;81396.0;143412.0
244;POINT (718572.1 88619.8);274004759;363a;;Viale Baldassarre Longhena 14;Maroggia;6817;Maroggia;1020;1110.0;8020.0;80.0;3.0;2718572.12;1088619.78;240.0;16;3840.0;14;3360.0;7200.0
245;POINT (718835.3 88197.5);274004761;424a;Macelleria;Viale Baldassarre Longhena 9;Maroggia;6817;Maroggia;1060;1122.0;8020.0;302.0;2.0;2718835.37;1088197.41;604.0;16;9664.0;21;12684.0;22348.0
246;POINT (718814.9 88254.10000000001);274004766;184a;;Viale Baldassarre Longhena 3;Maroggia;6817;Maroggia;1030;1122.0;8013.0;115.0;4.0;2718814.99;1088254.01;460.0;141;64860.0;21;9660.0;74520.0
247;POINT (718883.7 88096.8);11100594;267a;;Viale Stazione 3;Maroggia;6817;Maroggia;1060;1251.0;8011.0;191.0;2.0;2718883.78;1088096.75;382.0;128;48896.0;1;382.0;49278.0
249;POINT (719088.3 87974.89999999999);11143440;123a;;Via Monte Generoso 14;Maroggia;6817;Maroggia;1020;1121.0;8013.0;120.0;2.0;2719088.33;1087974.85;240.0;141;33840.0;21;5040.0;38880.0
251;POINT (718990.1 88069.8);11143441;124a;;Via Monte Generoso 6;Maroggia;6817;Maroggia;1040;1122.0;8013.0;172.0;2.0;2718990.188;1088069.736;344.0;141;48504.0;21;7224.0;55728.0
253;POINT (718757.1 88274.8);11143467;224a;;Via Tommaso e Giacomo Rodari 9;Maroggia;6817;Maroggia;1030;1122.0;8012.0;279.0;3.0;2718757.186;1088274.747;837.0;149;124713.0;21;17577.0;142290.0
255;POINT (718731.1 88256.8);11143474;247a;;Via Tommaso e Giacomo Rodari 19;Maroggia;6817;Maroggia;1020;1121.0;8012.0;159.0;1.0;2718731.185;1088256.746;159.0;149;23691.0;21;3339.0;27030.0
257;POINT (718903.8 88037.2);11143484;273a;;Via Dr. Willy Fröhlich 1;Maroggia;6817;Maroggia;1030;1122.0;8011.0;186.0;3.0;2718903.87;1088037.17;558.0;154;85932.0;21;11718.0;97650.0
259;POINT (718870.1 88014.8);11143487;278a;;Via Dr. Willy Fröhlich 5;Maroggia;6817;Maroggia;1020;1121.0;8012.0;197.0;2.0;2718870.186;1088014.741;394.0;149;58706.0;21;8274.0;66980.0
261;POINT (718814.9 87961.3);11143488;283a;;Via Dr. Willy Fröhlich 6;Maroggia;6817;Maroggia;1020;1122.0;8013.0;216.0;3.0;2718814.976;1087961.25;648.0;141;91368.0;21;13608.0;104976.0
263;POINT (718853.1 87940.8);11143489;284a;;Via Dr. Willy Fröhlich 15;Maroggia;6817;Maroggia;1020;1122.0;8015.0;1546.0;5.0;2718853.185;1087940.738;7730.0;100;773000.0;21;162330.0;935330.0
267;POINT (719123.3 88079.2);11143500;333a;;Via Ressiga 28;Maroggia;6817;Maroggia;1020;1122.0;8013.0;188.0;3.0;2719123.35;1088079.15;564.0;141;79524.0;21;11844.0;91368.0
269;POINT (718910.1 87856.8);11143513;396a;;Via al Parco 13;Maroggia;6817;Maroggia;1020;1122.0;8015.0;415.0;4.0;2718910.185;1087856.737;1660.0;100;166000.0;21;34860.0;200860.0
271;POINT (719107.5 88029.60000000001);11143543;117a;;Via Ressiga 30b;Maroggia;6817;Maroggia;1030;1122.0;8017.0;441.0;4.0;2719107.52;1088029.59;1764.0;76;134064.0;21;37044.0;171108.0
274;POINT (718787.1 88244.8);190086873;219a;;Via Tommaso e Giacomo Rodari 4;Maroggia;6817;Maroggia;1030;1122.0;8012.0;176.0;3.0;2718787.186;1088244.746;528.0;149;78672.0;21;11088.0;89760.0
276;POINT (718890.9 88374.8);191259071;160a;;Via Siegfried Bieber 43;Maroggia;6817;Maroggia;1020;1122.0;8023.0;614.0;3.0;2718890.98;1088374.79;1842.0;14;25788.0;21;38682.0;64470.0
278;POINT (718950.7 88355);191259110;437a;;Via Siegfried Bieber 53;Maroggia;6817;Maroggia;1020;1122.0;8023.0;614.0;3.0;2718950.71;1088354.99;1842.0;14;25788.0;21;38682.0;64470.0
